date,product_code,customer_code,sold_quantity
2025-12-01,ARCHAFF0E4,70002018,930
2025-12-01,ARCH6B94F7,70002018,878
2025-12-01,ARCH5D1FE7,70002018,1089
2025-12-01,ARCH7B49A9,70002018,1385
2025-12-01,ARCH497D34,70002018,1063
2025-12-01,ARCHE71D79,70002018,704
2025-12-01,ARCHDD8749,70002018,1708
2025-12-01,BADMC045D4,70002018,1345
2025-12-01,BADM4BAB38,70002018,347
2025-12-01,BADMDC6AB1,70002018,319
2025-12-01,BADM50C510,70002018,2041
2025-12-01,BADM2459FB,70002018,628
2025-12-01,BADME151E6,70002018,533
2025-12-01,BADMDA5EC8,70002018,371
2025-12-01,BADM48A260,70002018,1242
2025-12-01,BADM8FFE12,70002018,2151
2025-12-01,BADM1B8332,70002018,1380
2025-12-01,BADM7E90FB,70002018,890
2025-12-01,BASK7F5383,70002018,1898
2025-12-01,BASKEE612D,70002018,2346
2025-12-01,BASK4C69DF,70002018,2131
2025-12-01,BASK9E4294,70002018,428
2025-12-01,BASKEE32E4,70002018,1228
2025-12-01,BASKE57A19,70002018,1275
2025-12-01,BASK728A58,70002018,814
2025-12-01,BASKED86BF,70002018,2065
2025-12-01,BASK32528E,70002018,1884
2025-12-01,BASK984F74,70002018,609
2025-12-01,BOX8606F7,70002018,1170
2025-12-01,BOXD26891,70002018,1066
2025-12-01,BOX17AD9F,70002018,1794
2025-12-01,BOXB9DCC6,70002018,1013
2025-12-01,BOX3DC0E4,70002018,1132
2025-12-01,BOX381514,70002018,300
2025-12-01,BOX386644,70002018,324
2025-12-01,BOX3A9CA9,70002018,2331
2025-12-01,BOXB0228B,70002018,1603
2025-12-01,CAMP7A5E65,70002018,1909
2025-12-01,CAMP69AF0F,70002018,990
2025-12-01,CAMP10C410,70002018,1932
2025-12-01,CAMPECAADE,70002018,2185
2025-12-01,CAMPF24336,70002018,1383
2025-12-01,CAMPE624C8,70002018,1046
2025-12-01,CAMP11E3FA,70002018,966
2025-12-01,CAMPCB6B05,70002018,1111
2025-12-01,CAMPDFA679,70002018,638
2025-12-01,CAMP4005E6,70002018,2054
2025-12-01,CAMPD5615D,70002018,779
2025-12-01,HOCKA1EEE0,70002018,1524
2025-12-01,HOCK7723F0,70002018,1393
2025-12-01,HOCK97BE68,70002018,2228
2025-12-01,HOCK2716B4,70002018,1557
2025-12-01,HOCK05FECB,70002018,952
2025-12-01,HOCK681856,70002018,1278
2025-12-01,HOCKBBFD56,70002018,811
2025-12-01,HOCK57FB52,70002018,1430
2025-12-01,HOCK294CD6,70002018,1826
2025-12-01,HOCK892BAA,70002018,1574
2025-12-01,HOCK2AE4DF,70002018,648
2025-12-01,HOCKC0D928,70002018,1030
2025-12-01,HOCK341BC8,70002018,1811
2025-12-01,HOCKB9EBFF,70002018,274
2025-12-01,HOCK5B2A0F,70002018,1593
2025-12-01,HOCK2D3CF5,70002018,1671
2025-12-01,HOCKC6CF02,70002018,1245
2025-12-01,HOCKA7893F,70002018,1585
2025-12-01,HOCKA5001D,70002018,1734
2025-12-01,HOCK94FE34,70002018,322
2025-12-01,HOCK35B3C7,70002018,1983
2025-12-01,HOCK462BA5,70002018,1409
2025-12-01,HOCKBDB8DA,70002018,1790
2025-12-01,HOCK1BA87E,70002018,317
2025-12-01,HOCK7633A6,70002018,1143
2025-12-01,HOCK8B52CE,70002018,1893
2025-12-01,HOCK538334,70002018,599
2025-12-01,HOCK385D92,70002018,612
2025-12-01,HOCKF950D4,70002018,1404
2025-12-01,HOCK16E55F,70002018,257
2025-12-01,HOCK02DA3C,70002018,1477
2025-12-01,HOCK98DB22,70002018,1306
2025-12-01,HOCKCE879E,70002018,659
2025-12-01,HOCK372046,70002018,244
2025-12-01,HOCKF6D4C2,70002018,1443
2025-12-01,HOCK7270D1,70002018,1113
2025-12-01,HOCK64B186,70002018,450
2025-12-01,HOCK2841E6,70002018,334
2025-12-01,HOCK2101AF,70002018,411
2025-12-01,HOCKDB62E7,70002018,505
2025-12-01,HOCKA7A3B4,70002018,1914
2025-12-01,HOCKD69383,70002018,655
2025-12-01,HOCK97883A,70002018,844
2025-12-01,HOCK55A6B5,70002018,1088
2025-12-01,HOCK7A3D0A,70002018,899
2025-12-01,HOCK76C189,70002018,2021
2025-12-01,HOCK8DF8D8,70002018,2004
2025-12-01,HOCK19DC2D,70002018,454
2025-12-01,HOCKAEA857,70002018,856
2025-12-01,HOCK55BF8F,70002018,1820
2025-12-01,HOCKA76614,70002018,839
2025-12-01,HOCK2D7B61,70002018,1152
2025-12-01,HOCKC6150F,70002018,1494
2025-12-01,CYCLDE0772,70002018,2055
2025-12-01,CYCLBD7368,70002018,2107
2025-12-01,CYCL9F921D,70002018,1597
2025-12-01,CYCL8D32DD,70002018,1486
2025-12-01,CYCL903AF1,70002018,1709
2025-12-01,CYCLB9F510,70002018,2025
2025-12-01,CYCL3A3BA9,70002018,510
2025-12-01,CYCL28EDD2,70002018,1263
2025-12-01,CYCL8D92F6,70002018,1075
2025-12-01,CYCLA4B3CA,70002018,1417
2025-12-01,FISHE20FE7,70002018,1978
2025-12-01,FISH435E84,70002018,1756
2025-12-01,FISHF83738,70002018,1413
2025-12-01,FISHC4F1E3,70002018,1728
2025-12-01,FISH9C6E1A,70002018,270
2025-12-01,FISH9DCA51,70002018,384
2025-12-01,FISHA6E17F,70002018,362
2025-12-01,SOCCDA10C6,70002018,438
2025-12-01,SOCC8B25BD,70002018,1599
2025-12-01,SOCCBCD3A9,70002018,1633
2025-12-01,SOCCC865F3,70002018,1481
2025-12-01,SOCC9DB3E4,70002018,255
2025-12-01,SOCCB533BF,70002018,868
2025-12-01,SOCC80D996,70002018,773
2025-12-01,SOCC0CD3DE,70002018,1876
2025-12-01,SOCC528FB5,70002018,952
2025-12-01,SOCC86D9A9,70002018,1359
2025-12-01,SOCC0E544D,70002018,1545
2025-12-01,SOCCF63A17,70002018,1481
2025-12-01,SOCC93E2C6,70002018,670
2025-12-01,SOCC2BAAAD,70002018,392
2025-12-01,SOCC9B3291,70002018,1758
2025-12-01,SOCC7DA9E9,70002018,1618
2025-12-01,SOCC6681B1,70002018,605
2025-12-01,SOCC2271DD,70002018,1054
2025-12-01,SOCC614FC7,70002018,442
2025-12-01,SOCC41CE85,70002018,1785
2025-12-01,SOCCC136F5,70002018,567
2025-12-01,SOCCBF1E0A,70002018,1066
2025-12-01,SOCCDD733E,70002018,1138
2025-12-01,SOCCCC8143,70002018,1130
2025-12-01,SOCCE19E1A,70002018,967
2025-12-01,SOCC3DC7AC,70002018,929
2025-12-01,SOCCE1C418,70002018,468
2025-12-01,SOCC595ABB,70002018,442
2025-12-01,SOCCB792C1,70002018,1873
2025-12-01,SOCC5F7FD6,70002018,1077
2025-12-01,SOCC347728,70002018,289
2025-12-01,SOCCFD98D3,70002018,259
2025-12-01,SOCC75A7DE,70002018,1058
2025-12-01,SOCC5FB337,70002018,1028
2025-12-01,SOCCAFD990,70002018,1294
2025-12-01,SOCC9B1B1E,70002018,776
2025-12-01,SOCCABBA46,70002018,613
2025-12-01,SOCCEC0AEA,70002018,1797
2025-12-01,SOCCF21535,70002018,563
2025-12-01,SOCC1E3E32,70002018,202
2025-12-01,SOCC71C831,70002018,236
2025-12-01,SOCC7EB7BC,70002018,1289
2025-12-01,SOCC17860D,70002018,852
2025-12-01,SOCC63FDD7,70002018,733
2025-12-01,SOCCFCA276,70002018,1951
2025-12-01,SOCCD3B001,70002018,658
2025-12-01,SOCC65813B,70002018,1963
2025-12-01,SOCC4A3199,70002018,1943
2025-12-01,SOCC424157,70002018,1490
2025-12-01,SOCC67945A,70002018,765
2025-12-01,SOCCAB35F3,70002018,1124
2025-12-01,SOCC489639,70002018,260
2025-12-01,HNDLA1722E,70002018,986
2025-12-01,HNDL03C073,70002018,1163
2025-12-01,HNDL9B1B7D,70002018,1486
2025-12-01,HNDLB5AAA4,70002018,1037
2025-12-01,HNDLCD10B6,70002018,1786
2025-12-01,HIKA1D299,70002018,1269
2025-12-01,HIK8D130E,70002018,98
2025-12-01,HIK551B1C,70002018,231
2025-12-01,HIKC3460C,70002018,43
2025-12-01,HIKF7229D,70002018,149
2025-12-01,HIK070F0B,70002018,82
2025-12-01,HIKCAC6DD,70002018,191
2025-12-01,HIK77A350,70002018,195
2025-12-01,HIK1EDFAB,70002018,149
2025-12-01,HIK36B5E7,70002018,106
2025-12-01,HIK3D8B94,70002018,129
2025-12-01,HIKBE06F0,70002018,106
2025-12-01,HIKD4C3B1,70002018,86
2025-12-01,HIK477AAF,70002018,70
2025-12-01,HIK3DF988,70002018,70
2025-12-01,HIKD36FFD,70002018,152
2025-12-01,HIKFE5678,70002018,90
2025-12-01,HIKF1C8B8,70002018,82
2025-12-01,HIKC8C113,70002018,152
2025-12-01,HIK122A22,70002018,207
2025-12-01,HIKAD4D17,70002018,43
2025-12-01,HORSE77A541,70002018,133
2025-12-01,HORSE2EEE60,70002018,145
2025-12-01,HORSE3B12B0,70002018,137
2025-12-01,HORSEAE5456,70002018,180
2025-12-01,HORSEB0E845,70002018,156
2025-12-01,HORSE63358C,70002018,207
2025-12-01,HORSEEB0E93,70002018,223
2025-12-01,HORSEE8A02C,70002018,51
2025-12-01,HORSE32EC33,70002018,234
2025-12-01,HORSE2CAEAB,70002018,51
2025-12-01,RACKD4E78B,70002018,109
2025-12-01,RACK105320,70002018,90
2025-12-01,RACK66912E,70002018,109
2025-12-01,RACKFDE19F,70002018,227
2025-12-01,RACK435CCD,70002018,215
2025-12-01,RACK3489DB,70002018,121
2025-12-01,RACK82A423,70002018,176
2025-12-01,RACK5D92A1,70002018,66
2025-12-01,RACK69205F,70002018,121
2025-12-01,ROCKC708F5,70002018,215
2025-12-01,ROCKD798F6,70002018,195
2025-12-01,ROCKF69138,70002018,51
2025-12-01,ROCK9DEEFF,70002018,66
2025-12-01,ROCKED21EA,70002018,133
2025-12-01,ROCKCC3BF4,70002018,74
2025-12-01,ROCK0F8FA1,70002018,191
2025-12-01,ROCK3F43FF,70002018,43
2025-12-01,ROCK32D5D0,70002018,43
2025-12-01,RUN2FE4D5,70002018,86
2025-12-01,RUNCF8C32,70002018,137
2025-12-01,RUNC06D4D,70002018,59
2025-12-01,RUNE665CD,70002018,231
2025-12-01,RUN6AA3AE,70002018,160
2025-12-01,RUND54C0F,70002018,55
2025-12-01,RUNA56979,70002018,55
2025-12-01,RUND6A4A7,70002018,180
2025-12-01,RUND5648C,70002018,137
2025-12-01,RUND03BFE,70002018,277
2025-12-01,RUND9B589,70002018,120
2025-12-01,RUN6DCFAC,70002018,222
2025-12-01,RUN1AB696,70002018,106
2025-12-01,RUN4820EF,70002018,236
2025-12-01,RUN339949,70002018,263
2025-12-01,RUN10A073,70002018,268
2025-12-01,RUNB90BB2,70002018,46
2025-12-01,RUN785BD8,70002018,231
2025-12-01,RUN51B03C,70002018,254
2025-12-01,RUN1D0017,70002018,259
2025-12-01,RUN192A50,70002018,51
2025-12-01,RUN5C06BF,70002018,217
2025-12-01,RUNEBBF53,70002018,199
2025-12-01,RUN907813,70002018,134
2025-12-01,SKATCB097A,70002018,222
2025-12-01,SKAT407D01,70002018,97
2025-12-01,SKAT8BFE91,70002018,245
2025-12-01,SKAT47003B,70002018,88
2025-12-01,SKAT24B8F2,70002018,125
2025-12-01,SKAT8A94D3,70002018,46
2025-12-01,SKATC23D72,70002018,240
2025-12-01,SQUA4C7DCE,70002018,203
2025-12-01,SQUA99D795,70002018,55
2025-12-01,SQUA160B6F,70002018,203
2025-12-01,SQUAA3B44A,70002018,277
2025-12-01,SQUA84B377,70002018,113
2025-12-01,SQUA732DF1,70002018,167
2025-12-01,SQUA22F29D,70002018,81
2025-12-01,SQUA82575A,70002018,131
2025-12-01,SURF56D4BF,70002018,262
2025-12-01,SURF2EBCCA,70002018,194
2025-12-01,SURF8627B1,70002018,90
2025-12-01,SURF7A248A,70002018,231
2025-12-01,SURF60F2D1,70002018,122
2025-12-01,SURFE9DE14,70002018,208
2025-12-01,SURFEB883D,70002018,190
2025-12-01,SURFF237F1,70002018,108
2025-12-01,SURF69CACC,70002018,136
2025-12-01,SWIM8BE666,70002018,267
2025-12-01,SWIM0619EB,70002018,221
2025-12-01,SWIMCA28CC,70002018,221
2025-12-01,SWIM3B2B99,70002018,127
2025-12-01,SWIM4F5CDD,70002018,158
2025-12-01,SWIMB4058D,70002018,140
2025-12-01,SWIM139E14,70002018,72
2025-12-01,SWIME2E04A,70002018,108
2025-12-01,SWIMBAC8EE,70002018,244
2025-12-01,SWIM2785E8,70002018,95
2025-12-01,SWIM8D675F,70002018,113
2025-12-01,SWIM98EEF3,70002018,167
2025-12-01,SWIM9CB0C3,70002018,99
2025-12-01,SWIM3BD53D,70002018,145
2025-12-01,SWIM684A76,70002018,181
2025-12-01,SWIM1E7A6B,70002018,118
2025-12-01,TTEN18B609,70002018,163
2025-12-01,TTEND5F06B,70002018,50
2025-12-01,TTENB506A5,70002018,108
2025-12-01,TTEND35118,70002018,167
2025-12-01,TTEN2C5F16,70002018,240
2025-12-01,TTENE14F77,70002018,140
2025-12-01,TTEN658069,70002018,106
2025-12-01,TTEN204A0C,70002018,236
2025-12-01,TTEN99E28C,70002018,166
2025-12-01,TTENE352A9,70002018,268
2025-12-01,GAMES594E41,70002018,236
2025-12-01,GAMES78D8F4,70002018,171
2025-12-01,GAMES0B9C36,70002018,125
2025-12-01,GAMESA7F5F8,70002018,153
2025-12-01,GAMES55E6CB,70002018,51
2025-12-01,GAMES62C38E,70002018,217
2025-12-01,GAMES5EF6E3,70002018,129
2025-12-01,TENN1ADD96,70002018,226
2025-12-01,TENN32F2C2,70002018,139
2025-12-01,TENN11B50C,70002018,254
2025-12-01,TENN6E46CF,70002018,74
2025-12-01,TENN6AD4AC,70002018,49
2025-12-01,TENNDCCD5A,70002018,218
2025-12-01,TENN514228,70002018,197
2025-12-01,TENN0CFFE7,70002018,132
2025-12-01,TENN391CEF,70002018,86
2025-12-01,TENN151AB9,70002018,49
2025-12-01,TENN3F4E67,70002018,247
2025-12-01,TENNF49374,70002018,127
2025-12-01,TENN0B614F,70002018,222
2025-12-01,TENN4AEBA0,70002018,193
2025-12-01,TENN506041,70002018,177
2025-12-01,TENN6C0BC2,70002018,206
2025-12-01,VOLLF0E251,70002018,119
2025-12-01,VOLLA6AAB1,70002018,1144
2025-12-01,VOLLF5D4E6,70002018,821
2025-12-01,VOLLEEC6A4,70002018,1605
2025-12-01,VOLL56AE91,70002018,2007
2025-12-01,VOLLDDFCD0,70002018,361
2025-12-01,VOLL4B8018,70002018,286
2025-12-01,WLFT9CBF85,70002018,974
2025-12-01,WLFTB0B8BE,70002018,1024
2025-12-01,WLFT5DC367,70002018,916
2025-12-01,WLFT1704AC,70002018,1136
2025-12-01,WLFT053057,70002018,485
2025-12-01,WLFT79618A,70002018,1969
2025-12-01,WLFTAE945F,70002018,1708
2025-12-01,WLFTB7DF2B,70002018,903
2025-12-01,WLFT52B261,70002018,680
2025-12-01,WLFT296A48,70002018,1720
2025-12-01,WLFT7AD84A,70002018,1321
2025-12-01,YOGA1B22A2,70002018,786
2025-12-01,YOGA6FA844,70002018,393
2025-12-01,YOGAA7E602,70002018,997
2025-12-01,YOGA46952D,70002018,595
2025-12-01,YOGA80ED66,70002018,607
2025-12-01,YOGA465ABE,70002018,454
2025-12-01,ARCHAFF0E4,90002002,630
2025-12-01,ARCH6B94F7,90002002,1593
2025-12-01,ARCH5D1FE7,90002002,1219
2025-12-01,ARCH7B49A9,90002002,1526
2025-12-01,ARCH497D34,90002002,1241
2025-12-01,ARCHE71D79,90002002,596
2025-12-01,ARCHDD8749,90002002,1100
2025-12-01,BADMC045D4,90002002,426
2025-12-01,BADM4BAB38,90002002,1775
2025-12-01,BADMDC6AB1,90002002,1385
2025-12-01,BADM50C510,90002002,657
2025-12-01,BADM2459FB,90002002,2165
2025-12-01,BADME151E6,90002002,366
2025-12-01,BADMDA5EC8,90002002,2160
2025-12-01,BADM48A260,90002002,1180
2025-12-01,BADM8FFE12,90002002,504
2025-12-01,BADM1B8332,90002002,1432
2025-12-01,BADM7E90FB,90002002,966
2025-12-01,BASK7F5383,90002002,1061
2025-12-01,BASKEE612D,90002002,2151
2025-12-01,BASK4C69DF,90002002,1132
2025-12-01,BASK9E4294,90002002,894
2025-12-01,BASKEE32E4,90002002,2065
2025-12-01,BASKE57A19,90002002,504
2025-12-01,BASK728A58,90002002,1708
2025-12-01,BASKED86BF,90002002,295
2025-12-01,BASK32528E,90002002,1080
2025-12-01,BASK984F74,90002002,638
2025-12-01,BOX8606F7,90002002,1979
2025-12-01,BOXD26891,90002002,381
2025-12-01,BOX17AD9F,90002002,2269
2025-12-01,BOXB9DCC6,90002002,1946
2025-12-01,BOX3DC0E4,90002002,1013
2025-12-01,BOX381514,90002002,271
2025-12-01,BOX386644,90002002,338
2025-12-01,BOX3A9CA9,90002002,1951
2025-12-01,BOXB0228B,90002002,1118
2025-12-01,CAMP7A5E65,90002002,1355
2025-12-01,CAMP69AF0F,90002002,1534
2025-12-01,CAMP10C410,90002002,1271
2025-12-01,CAMPECAADE,90002002,1369
2025-12-01,CAMPF24336,90002002,2214
2025-12-01,CAMPE624C8,90002002,1960
2025-12-01,CAMP11E3FA,90002002,1111
2025-12-01,CAMPCB6B05,90002002,267
2025-12-01,CAMPDFA679,90002002,1721
2025-12-01,CAMP4005E6,90002002,1552
2025-12-01,CAMPD5615D,90002002,994
2025-12-01,HOCKA1EEE0,90002002,1923
2025-12-01,HOCK7723F0,90002002,952
2025-12-01,HOCK97BE68,90002002,549
2025-12-01,HOCK2716B4,90002002,1069
2025-12-01,HOCK05FECB,90002002,1508
2025-12-01,HOCK681856,90002002,500
2025-12-01,HOCKBBFD56,90002002,322
2025-12-01,HOCK57FB52,90002002,1163
2025-12-01,HOCK294CD6,90002002,1500
2025-12-01,HOCK892BAA,90002002,300
2025-12-01,HOCK2AE4DF,90002002,563
2025-12-01,HOCKC0D928,90002002,1263
2025-12-01,HOCK341BC8,90002002,1148
2025-12-01,HOCKB9EBFF,90002002,393
2025-12-01,HOCK5B2A0F,90002002,1815
2025-12-01,HOCK2D3CF5,90002002,1237
2025-12-01,HOCKC6CF02,90002002,904
2025-12-01,HOCKA7893F,90002002,633
2025-12-01,HOCKA5001D,90002002,474
2025-12-01,HOCK94FE34,90002002,400
2025-12-01,HOCK35B3C7,90002002,1876
2025-12-01,HOCK462BA5,90002002,1002
2025-12-01,HOCKBDB8DA,90002002,1542
2025-12-01,HOCK1BA87E,90002002,1225
2025-12-01,HOCK7633A6,90002002,552
2025-12-01,HOCK8B52CE,90002002,2000
2025-12-01,HOCK538334,90002002,1242
2025-12-01,HOCK385D92,90002002,599
2025-12-01,HOCKF950D4,90002002,437
2025-12-01,HOCK16E55F,90002002,377
2025-12-01,HOCK02DA3C,90002002,2111
2025-12-01,HOCK98DB22,90002002,1242
2025-12-01,HOCKCE879E,90002002,728
2025-12-01,HOCK372046,90002002,1653
2025-12-01,HOCKF6D4C2,90002002,1691
2025-12-01,HOCK7270D1,90002002,1242
2025-12-01,HOCK64B186,90002002,805
2025-12-01,HOCK2841E6,90002002,535
2025-12-01,HOCK2101AF,90002002,642
2025-12-01,HOCKDB62E7,90002002,1006
2025-12-01,HOCKA7A3B4,90002002,300
2025-12-01,HOCKD69383,90002002,1610
2025-12-01,HOCK97883A,90002002,818
2025-12-01,HOCK55A6B5,90002002,1297
2025-12-01,HOCK7A3D0A,90002002,1370
2025-12-01,HOCK76C189,90002002,621
2025-12-01,HOCK8DF8D8,90002002,1220
2025-12-01,HOCK19DC2D,90002002,1571
2025-12-01,HOCKAEA857,90002002,1285
2025-12-01,HOCK55BF8F,90002002,1139
2025-12-01,HOCKA76614,90002002,1995
2025-12-01,HOCK2D7B61,90002002,1841
2025-12-01,HOCKC6150F,90002002,1015
2025-12-01,CYCLDE0772,90002002,2102
2025-12-01,CYCLBD7368,90002002,1404
2025-12-01,CYCL9F921D,90002002,407
2025-12-01,CYCL8D32DD,90002002,852
2025-12-01,CYCL903AF1,90002002,2072
2025-12-01,CYCLB9F510,90002002,1486
2025-12-01,CYCL3A3BA9,90002002,227
2025-12-01,CYCL28EDD2,90002002,1083
2025-12-01,CYCL8D92F6,90002002,1019
2025-12-01,CYCLA4B3CA,90002002,1409
2025-12-01,FISHE20FE7,90002002,1306
2025-12-01,FISH435E84,90002002,707
2025-12-01,FISHF83738,90002002,1392
2025-12-01,FISHC4F1E3,90002002,1583
2025-12-01,FISH9C6E1A,90002002,731
2025-12-01,FISH9DCA51,90002002,1404
2025-12-01,FISHA6E17F,90002002,202
2025-12-01,SOCCDA10C6,90002002,266
2025-12-01,SOCC8B25BD,90002002,1081
2025-12-01,SOCCBCD3A9,90002002,1679
2025-12-01,SOCCC865F3,90002002,438
2025-12-01,SOCC9DB3E4,90002002,1488
2025-12-01,SOCCB533BF,90002002,1549
2025-12-01,SOCC80D996,90002002,1454
2025-12-01,SOCC0CD3DE,90002002,1534
2025-12-01,SOCC528FB5,90002002,1035
2025-12-01,SOCC86D9A9,90002002,853
2025-12-01,SOCC0E544D,90002002,898
2025-12-01,SOCCF63A17,90002002,1153
2025-12-01,SOCC93E2C6,90002002,1884
2025-12-01,SOCC2BAAAD,90002002,1188
2025-12-01,SOCC9B3291,90002002,1831
2025-12-01,SOCC7DA9E9,90002002,617
2025-12-01,SOCC6681B1,90002002,1454
2025-12-01,SOCC2271DD,90002002,651
2025-12-01,SOCC614FC7,90002002,206
2025-12-01,SOCC41CE85,90002002,556
2025-12-01,SOCCC136F5,90002002,1142
2025-12-01,SOCCBF1E0A,90002002,1005
2025-12-01,SOCCDD733E,90002002,948
2025-12-01,SOCCCC8143,90002002,1519
2025-12-01,SOCCE19E1A,90002002,1001
2025-12-01,SOCC3DC7AC,90002002,674
2025-12-01,SOCCE1C418,90002002,1100
2025-12-01,SOCC595ABB,90002002,1252
2025-12-01,SOCCB792C1,90002002,1640
2025-12-01,SOCC5F7FD6,90002002,738
2025-12-01,SOCC347728,90002002,274
2025-12-01,SOCCFD98D3,90002002,723
2025-12-01,SOCC75A7DE,90002002,274
2025-12-01,SOCC5FB337,90002002,898
2025-12-01,SOCCAFD990,90002002,419
2025-12-01,SOCC9B1B1E,90002002,1245
2025-12-01,SOCCABBA46,90002002,1435
2025-12-01,SOCCEC0AEA,90002002,1207
2025-12-01,SOCCF21535,90002002,1850
2025-12-01,SOCC1E3E32,90002002,327
2025-12-01,SOCC71C831,90002002,613
2025-12-01,SOCC7EB7BC,90002002,1273
2025-12-01,SOCC17860D,90002002,682
2025-12-01,SOCC63FDD7,90002002,930
2025-12-01,SOCCFCA276,90002002,1151
2025-12-01,SOCCD3B001,90002002,367
2025-12-01,SOCC65813B,90002002,359
2025-12-01,SOCC4A3199,90002002,1916
2025-12-01,SOCC424157,90002002,824
2025-12-01,SOCC67945A,90002002,296
2025-12-01,SOCCAB35F3,90002002,623
2025-12-01,SOCC489639,90002002,572
2025-12-01,HNDLA1722E,90002002,1731
2025-12-01,HNDL03C073,90002002,828
2025-12-01,HNDL9B1B7D,90002002,209
2025-12-01,HNDLB5AAA4,90002002,1175
2025-12-01,HNDLCD10B6,90002002,710
2025-12-01,HIKA1D299,90002002,1258
2025-12-01,HIK8D130E,90002002,66
2025-12-01,HIK551B1C,90002002,78
2025-12-01,HIKC3460C,90002002,184
2025-12-01,HIKF7229D,90002002,121
2025-12-01,HIK070F0B,90002002,59
2025-12-01,HIKCAC6DD,90002002,129
2025-12-01,HIK77A350,90002002,199
2025-12-01,HIK1EDFAB,90002002,70
2025-12-01,HIK36B5E7,90002002,203
2025-12-01,HIK3D8B94,90002002,125
2025-12-01,HIKBE06F0,90002002,55
2025-12-01,HIKD4C3B1,90002002,227
2025-12-01,HIK477AAF,90002002,195
2025-12-01,HIK3DF988,90002002,164
2025-12-01,HIKD36FFD,90002002,133
2025-12-01,HIKFE5678,90002002,63
2025-12-01,HIKF1C8B8,90002002,129
2025-12-01,HIKC8C113,90002002,59
2025-12-01,HIK122A22,90002002,184
2025-12-01,HIKAD4D17,90002002,199
2025-12-01,HORSE77A541,90002002,43
2025-12-01,HORSE2EEE60,90002002,94
2025-12-01,HORSE3B12B0,90002002,55
2025-12-01,HORSEAE5456,90002002,82
2025-12-01,HORSEB0E845,90002002,117
2025-12-01,HORSE63358C,90002002,43
2025-12-01,HORSEEB0E93,90002002,156
2025-12-01,HORSEE8A02C,90002002,74
2025-12-01,HORSE32EC33,90002002,51
2025-12-01,HORSE2CAEAB,90002002,203
2025-12-01,RACKD4E78B,90002002,141
2025-12-01,RACK105320,90002002,43
2025-12-01,RACK66912E,90002002,78
2025-12-01,RACKFDE19F,90002002,152
2025-12-01,RACK435CCD,90002002,47
2025-12-01,RACK3489DB,90002002,215
2025-12-01,RACK82A423,90002002,102
2025-12-01,RACK5D92A1,90002002,133
2025-12-01,RACK69205F,90002002,168
2025-12-01,ROCKC708F5,90002002,66
2025-12-01,ROCKD798F6,90002002,129
2025-12-01,ROCKF69138,90002002,231
2025-12-01,ROCK9DEEFF,90002002,133
2025-12-01,ROCKED21EA,90002002,160
2025-12-01,ROCKCC3BF4,90002002,180
2025-12-01,ROCK0F8FA1,90002002,195
2025-12-01,ROCK3F43FF,90002002,223
2025-12-01,ROCK32D5D0,90002002,191
2025-12-01,RUN2FE4D5,90002002,113
2025-12-01,RUNCF8C32,90002002,74
2025-12-01,RUNC06D4D,90002002,199
2025-12-01,RUNE665CD,90002002,195
2025-12-01,RUN6AA3AE,90002002,141
2025-12-01,RUND54C0F,90002002,74
2025-12-01,RUNA56979,90002002,195
2025-12-01,RUND6A4A7,90002002,59
2025-12-01,RUND5648C,90002002,109
2025-12-01,RUND03BFE,90002002,116
2025-12-01,RUND9B589,90002002,222
2025-12-01,RUN6DCFAC,90002002,153
2025-12-01,RUN1AB696,90002002,254
2025-12-01,RUN4820EF,90002002,236
2025-12-01,RUN339949,90002002,129
2025-12-01,RUN10A073,90002002,162
2025-12-01,RUNB90BB2,90002002,157
2025-12-01,RUN785BD8,90002002,51
2025-12-01,RUN51B03C,90002002,143
2025-12-01,RUN1D0017,90002002,208
2025-12-01,RUN192A50,90002002,55
2025-12-01,RUN5C06BF,90002002,217
2025-12-01,RUNEBBF53,90002002,55
2025-12-01,RUN907813,90002002,240
2025-12-01,SKATCB097A,90002002,171
2025-12-01,SKAT407D01,90002002,65
2025-12-01,SKAT8BFE91,90002002,236
2025-12-01,SKAT47003B,90002002,143
2025-12-01,SKAT24B8F2,90002002,60
2025-12-01,SKAT8A94D3,90002002,153
2025-12-01,SKATC23D72,90002002,199
2025-12-01,SQUA4C7DCE,90002002,259
2025-12-01,SQUA99D795,90002002,148
2025-12-01,SQUA160B6F,90002002,153
2025-12-01,SQUAA3B44A,90002002,185
2025-12-01,SQUA84B377,90002002,59
2025-12-01,SQUA732DF1,90002002,185
2025-12-01,SQUA22F29D,90002002,217
2025-12-01,SQUA82575A,90002002,267
2025-12-01,SURF56D4BF,90002002,99
2025-12-01,SURF2EBCCA,90002002,136
2025-12-01,SURF8627B1,90002002,212
2025-12-01,SURF7A248A,90002002,267
2025-12-01,SURF60F2D1,90002002,72
2025-12-01,SURFE9DE14,90002002,149
2025-12-01,SURFEB883D,90002002,154
2025-12-01,SURFF237F1,90002002,208
2025-12-01,SURF69CACC,90002002,271
2025-12-01,SWIM8BE666,90002002,45
2025-12-01,SWIM0619EB,90002002,86
2025-12-01,SWIMCA28CC,90002002,113
2025-12-01,SWIM3B2B99,90002002,104
2025-12-01,SWIM4F5CDD,90002002,262
2025-12-01,SWIMB4058D,90002002,68
2025-12-01,SWIM139E14,90002002,217
2025-12-01,SWIME2E04A,90002002,77
2025-12-01,SWIMBAC8EE,90002002,131
2025-12-01,SWIM2785E8,90002002,136
2025-12-01,SWIM8D675F,90002002,249
2025-12-01,SWIM98EEF3,90002002,244
2025-12-01,SWIM9CB0C3,90002002,122
2025-12-01,SWIM3BD53D,90002002,158
2025-12-01,SWIM684A76,90002002,176
2025-12-01,SWIM1E7A6B,90002002,81
2025-12-01,TTEN18B609,90002002,149
2025-12-01,TTEND5F06B,90002002,244
2025-12-01,TTENB506A5,90002002,154
2025-12-01,TTEND35118,90002002,240
2025-12-01,TTEN2C5F16,90002002,226
2025-12-01,TTENE14F77,90002002,154
2025-12-01,TTEN658069,90002002,125
2025-12-01,TTEN204A0C,90002002,203
2025-12-01,TTEN99E28C,90002002,203
2025-12-01,TTENE352A9,90002002,148
2025-12-01,GAMES594E41,90002002,120
2025-12-01,GAMES78D8F4,90002002,240
2025-12-01,GAMES0B9C36,90002002,97
2025-12-01,GAMESA7F5F8,90002002,194
2025-12-01,GAMES55E6CB,90002002,171
2025-12-01,GAMES62C38E,90002002,79
2025-12-01,GAMES5EF6E3,90002002,245
2025-12-01,TENN1ADD96,90002002,102
2025-12-01,TENN32F2C2,90002002,55
2025-12-01,TENN11B50C,90002002,180
2025-12-01,TENN6E46CF,90002002,70
2025-12-01,TENN6AD4AC,90002002,58
2025-12-01,TENNDCCD5A,90002002,82
2025-12-01,TENN514228,90002002,214
2025-12-01,TENN0CFFE7,90002002,164
2025-12-01,TENN391CEF,90002002,197
2025-12-01,TENN151AB9,90002002,201
2025-12-01,TENN3F4E67,90002002,218
2025-12-01,TENNF49374,90002002,218
2025-12-01,TENN0B614F,90002002,45
2025-12-01,TENN4AEBA0,90002002,214
2025-12-01,TENN506041,90002002,62
2025-12-01,TENN6C0BC2,90002002,95
2025-12-01,VOLLF0E251,90002002,123
2025-12-01,VOLLA6AAB1,90002002,473
2025-12-01,VOLLF5D4E6,90002002,303
2025-12-01,VOLLEEC6A4,90002002,954
2025-12-01,VOLL56AE91,90002002,1638
2025-12-01,VOLLDDFCD0,90002002,1899
2025-12-01,VOLL4B8018,90002002,1215
2025-12-01,WLFT9CBF85,90002002,245
2025-12-01,WLFTB0B8BE,90002002,1037
2025-12-01,WLFT5DC367,90002002,1215
2025-12-01,WLFT1704AC,90002002,1526
2025-12-01,WLFT053057,90002002,1347
2025-12-01,WLFT79618A,90002002,974
2025-12-01,WLFTAE945F,90002002,933
2025-12-01,WLFTB7DF2B,90002002,551
2025-12-01,WLFT52B261,90002002,1763
2025-12-01,WLFT296A48,90002002,199
2025-12-01,WLFT7AD84A,90002002,1442
2025-12-01,YOGA1B22A2,90002002,298
2025-12-01,YOGA6FA844,90002002,315
2025-12-01,YOGAA7E602,90002002,708
2025-12-01,YOGA46952D,90002002,329
2025-12-01,YOGA80ED66,90002002,225
2025-12-01,YOGA465ABE,90002002,523
2025-12-01,ARCHAFF0E4,90002003,207
2025-12-01,ARCH6B94F7,90002003,641
2025-12-01,ARCH5D1FE7,90002003,1693
2025-12-01,ARCH7B49A9,90002003,1537
2025-12-01,ARCH497D34,90002003,1808
2025-12-01,ARCHE71D79,90002003,1630
2025-12-01,ARCHDD8749,90002003,696
2025-12-01,BADMC045D4,90002003,1797
2025-12-01,BADM4BAB38,90002003,1032
2025-12-01,BADMDC6AB1,90002003,823
2025-12-01,BADM50C510,90002003,2146
2025-12-01,BADM2459FB,90002003,1080
2025-12-01,BADME151E6,90002003,752
2025-12-01,BADMDA5EC8,90002003,590
2025-12-01,BADM48A260,90002003,1399
2025-12-01,BADM8FFE12,90002003,500
2025-12-01,BADM1B8332,90002003,837
2025-12-01,BADM7E90FB,90002003,2260
2025-12-01,BASK7F5383,90002003,704
2025-12-01,BASKEE612D,90002003,1266
2025-12-01,BASK4C69DF,90002003,1641
2025-12-01,BASK9E4294,90002003,1732
2025-12-01,BASKEE32E4,90002003,285
2025-12-01,BASKE57A19,90002003,1137
2025-12-01,BASK728A58,90002003,247
2025-12-01,BASKED86BF,90002003,1375
2025-12-01,BASK32528E,90002003,1565
2025-12-01,BASK984F74,90002003,1028
2025-12-01,BOX8606F7,90002003,2103
2025-12-01,BOXD26891,90002003,1361
2025-12-01,BOX17AD9F,90002003,2189
2025-12-01,BOXB9DCC6,90002003,1194
2025-12-01,BOX3DC0E4,90002003,1732
2025-12-01,BOX381514,90002003,1542
2025-12-01,BOX386644,90002003,2008
2025-12-01,BOX3A9CA9,90002003,2131
2025-12-01,BOXB0228B,90002003,2227
2025-12-01,CAMP7A5E65,90002003,1740
2025-12-01,CAMP69AF0F,90002003,905
2025-12-01,CAMP10C410,90002003,990
2025-12-01,CAMPECAADE,90002003,1763
2025-12-01,CAMPF24336,90002003,1646
2025-12-01,CAMPE624C8,90002003,919
2025-12-01,CAMP11E3FA,90002003,1158
2025-12-01,CAMPCB6B05,90002003,1702
2025-12-01,CAMPDFA679,90002003,2279
2025-12-01,CAMP4005E6,90002003,2293
2025-12-01,CAMPD5615D,90002003,1702
2025-12-01,HOCKA1EEE0,90002003,2214
2025-12-01,HOCK7723F0,90002003,1726
2025-12-01,HOCK97BE68,90002003,2242
2025-12-01,HOCK2716B4,90002003,1515
2025-12-01,HOCK05FECB,90002003,826
2025-12-01,HOCK681856,90002003,667
2025-12-01,HOCKBBFD56,90002003,1508
2025-12-01,HOCK57FB52,90002003,274
2025-12-01,HOCK294CD6,90002003,237
2025-12-01,HOCK892BAA,90002003,648
2025-12-01,HOCK2AE4DF,90002003,330
2025-12-01,HOCKC0D928,90002003,611
2025-12-01,HOCK341BC8,90002003,1033
2025-12-01,HOCKB9EBFF,90002003,322
2025-12-01,HOCK5B2A0F,90002003,1345
2025-12-01,HOCK2D3CF5,90002003,1248
2025-12-01,HOCKC6CF02,90002003,682
2025-12-01,HOCKA7893F,90002003,356
2025-12-01,HOCKA5001D,90002003,1122
2025-12-01,HOCK94FE34,90002003,722
2025-12-01,HOCK35B3C7,90002003,1049
2025-12-01,HOCK462BA5,90002003,321
2025-12-01,HOCKBDB8DA,90002003,2137
2025-12-01,HOCK1BA87E,90002003,2115
2025-12-01,HOCK7633A6,90002003,1811
2025-12-01,HOCK8B52CE,90002003,942
2025-12-01,HOCK538334,90002003,561
2025-12-01,HOCK385D92,90002003,604
2025-12-01,HOCKF950D4,90002003,227
2025-12-01,HOCK16E55F,90002003,2000
2025-12-01,HOCK02DA3C,90002003,1644
2025-12-01,HOCK98DB22,90002003,694
2025-12-01,HOCKCE879E,90002003,582
2025-12-01,HOCK372046,90002003,912
2025-12-01,HOCKF6D4C2,90002003,895
2025-12-01,HOCK7270D1,90002003,343
2025-12-01,HOCK64B186,90002003,612
2025-12-01,HOCK2841E6,90002003,1846
2025-12-01,HOCK2101AF,90002003,1940
2025-12-01,HOCKDB62E7,90002003,1661
2025-12-01,HOCKA7A3B4,90002003,1696
2025-12-01,HOCKD69383,90002003,1486
2025-12-01,HOCK97883A,90002003,1019
2025-12-01,HOCK55A6B5,90002003,985
2025-12-01,HOCK7A3D0A,90002003,1220
2025-12-01,HOCK76C189,90002003,270
2025-12-01,HOCK8DF8D8,90002003,1931
2025-12-01,HOCK19DC2D,90002003,1760
2025-12-01,HOCKAEA857,90002003,2090
2025-12-01,HOCK55BF8F,90002003,916
2025-12-01,HOCKA76614,90002003,570
2025-12-01,HOCK2D7B61,90002003,989
2025-12-01,HOCKC6150F,90002003,1186
2025-12-01,CYCLDE0772,90002003,1824
2025-12-01,CYCLBD7368,90002003,1529
2025-12-01,CYCL9F921D,90002003,1507
2025-12-01,CYCL8D32DD,90002003,707
2025-12-01,CYCL903AF1,90002003,612
2025-12-01,CYCLB9F510,90002003,1995
2025-12-01,CYCL3A3BA9,90002003,595
2025-12-01,CYCL28EDD2,90002003,1631
2025-12-01,CYCL8D92F6,90002003,390
2025-12-01,CYCLA4B3CA,90002003,1713
2025-12-01,FISHE20FE7,90002003,497
2025-12-01,FISH435E84,90002003,248
2025-12-01,FISHF83738,90002003,882
2025-12-01,FISHC4F1E3,90002003,377
2025-12-01,FISH9C6E1A,90002003,1203
2025-12-01,FISH9DCA51,90002003,1583
2025-12-01,FISHA6E17F,90002003,769
2025-12-01,SOCCDA10C6,90002003,445
2025-12-01,SOCC8B25BD,90002003,1355
2025-12-01,SOCCBCD3A9,90002003,442
2025-12-01,SOCCC865F3,90002003,1374
2025-12-01,SOCC9DB3E4,90002003,1701
2025-12-01,SOCCB533BF,90002003,403
2025-12-01,SOCC80D996,90002003,1336
2025-12-01,SOCC0CD3DE,90002003,1610
2025-12-01,SOCC528FB5,90002003,1089
2025-12-01,SOCC86D9A9,90002003,1701
2025-12-01,SOCC0E544D,90002003,1492
2025-12-01,SOCCF63A17,90002003,1344
2025-12-01,SOCC93E2C6,90002003,1127
2025-12-01,SOCC2BAAAD,90002003,384
2025-12-01,SOCC9B3291,90002003,411
2025-12-01,SOCC7DA9E9,90002003,990
2025-12-01,SOCC6681B1,90002003,236
2025-12-01,SOCC2271DD,90002003,1587
2025-12-01,SOCC614FC7,90002003,533
2025-12-01,SOCC41CE85,90002003,1047
2025-12-01,SOCCC136F5,90002003,1070
2025-12-01,SOCCBF1E0A,90002003,1519
2025-12-01,SOCCDD733E,90002003,1530
2025-12-01,SOCCCC8143,90002003,1488
2025-12-01,SOCCE19E1A,90002003,575
2025-12-01,SOCC3DC7AC,90002003,921
2025-12-01,SOCCE1C418,90002003,1899
2025-12-01,SOCC595ABB,90002003,590
2025-12-01,SOCCB792C1,90002003,518
2025-12-01,SOCC5F7FD6,90002003,198
2025-12-01,SOCC347728,90002003,1344
2025-12-01,SOCCFD98D3,90002003,1393
2025-12-01,SOCC75A7DE,90002003,898
2025-12-01,SOCC5FB337,90002003,487
2025-12-01,SOCCAFD990,90002003,708
2025-12-01,SOCC9B1B1E,90002003,902
2025-12-01,SOCCABBA46,90002003,556
2025-12-01,SOCCEC0AEA,90002003,1001
2025-12-01,SOCCF21535,90002003,1682
2025-12-01,SOCC1E3E32,90002003,1134
2025-12-01,SOCC71C831,90002003,776
2025-12-01,SOCC7EB7BC,90002003,1896
2025-12-01,SOCC17860D,90002003,867
2025-12-01,SOCC63FDD7,90002003,970
2025-12-01,SOCCFCA276,90002003,1435
2025-12-01,SOCCD3B001,90002003,800
2025-12-01,SOCC65813B,90002003,1100
2025-12-01,SOCC4A3199,90002003,418
2025-12-01,SOCC424157,90002003,792
2025-12-01,SOCC67945A,90002003,461
2025-12-01,SOCCAB35F3,90002003,777
2025-12-01,SOCC489639,90002003,627
2025-12-01,HNDLA1722E,90002003,406
2025-12-01,HNDL03C073,90002003,252
2025-12-01,HNDL9B1B7D,90002003,524
2025-12-01,HNDLB5AAA4,90002003,1620
2025-12-01,HNDLCD10B6,90002003,1754
2025-12-01,HIKA1D299,90002003,1340
2025-12-01,HIK8D130E,90002003,82
2025-12-01,HIK551B1C,90002003,86
2025-12-01,HIKC3460C,90002003,106
2025-12-01,HIKF7229D,90002003,199
2025-12-01,HIK070F0B,90002003,231
2025-12-01,HIKCAC6DD,90002003,39
2025-12-01,HIK77A350,90002003,70
2025-12-01,HIK1EDFAB,90002003,47
2025-12-01,HIK36B5E7,90002003,125
2025-12-01,HIK3D8B94,90002003,203
2025-12-01,HIKBE06F0,90002003,129
2025-12-01,HIKD4C3B1,90002003,191
2025-12-01,HIK477AAF,90002003,63
2025-12-01,HIK3DF988,90002003,172
2025-12-01,HIKD36FFD,90002003,94
2025-12-01,HIKFE5678,90002003,82
2025-12-01,HIKF1C8B8,90002003,231
2025-12-01,HIKC8C113,90002003,234
2025-12-01,HIK122A22,90002003,137
2025-12-01,HIKAD4D17,90002003,70
2025-12-01,HORSE77A541,90002003,207
2025-12-01,HORSE2EEE60,90002003,74
2025-12-01,HORSE3B12B0,90002003,74
2025-12-01,HORSEAE5456,90002003,98
2025-12-01,HORSEB0E845,90002003,164
2025-12-01,HORSE63358C,90002003,199
2025-12-01,HORSEEB0E93,90002003,211
2025-12-01,HORSEE8A02C,90002003,168
2025-12-01,HORSE32EC33,90002003,43
2025-12-01,HORSE2CAEAB,90002003,141
2025-12-01,RACKD4E78B,90002003,168
2025-12-01,RACK105320,90002003,180
2025-12-01,RACK66912E,90002003,63
2025-12-01,RACKFDE19F,90002003,102
2025-12-01,RACK435CCD,90002003,106
2025-12-01,RACK3489DB,90002003,184
2025-12-01,RACK82A423,90002003,180
2025-12-01,RACK5D92A1,90002003,78
2025-12-01,RACK69205F,90002003,231
2025-12-01,ROCKC708F5,90002003,227
2025-12-01,ROCKD798F6,90002003,176
2025-12-01,ROCKF69138,90002003,160
2025-12-01,ROCK9DEEFF,90002003,191
2025-12-01,ROCKED21EA,90002003,78
2025-12-01,ROCKCC3BF4,90002003,152
2025-12-01,ROCK0F8FA1,90002003,39
2025-12-01,ROCK3F43FF,90002003,121
2025-12-01,ROCK32D5D0,90002003,215
2025-12-01,RUN2FE4D5,90002003,113
2025-12-01,RUNCF8C32,90002003,121
2025-12-01,RUNC06D4D,90002003,152
2025-12-01,RUNE665CD,90002003,59
2025-12-01,RUN6AA3AE,90002003,160
2025-12-01,RUND54C0F,90002003,66
2025-12-01,RUNA56979,90002003,207
2025-12-01,RUND6A4A7,90002003,43
2025-12-01,RUND5648C,90002003,145
2025-12-01,RUND03BFE,90002003,153
2025-12-01,RUND9B589,90002003,51
2025-12-01,RUN6DCFAC,90002003,111
2025-12-01,RUN1AB696,90002003,245
2025-12-01,RUN4820EF,90002003,55
2025-12-01,RUN339949,90002003,208
2025-12-01,RUN10A073,90002003,213
2025-12-01,RUNB90BB2,90002003,125
2025-12-01,RUN785BD8,90002003,250
2025-12-01,RUN51B03C,90002003,60
2025-12-01,RUN1D0017,90002003,83
2025-12-01,RUN192A50,90002003,231
2025-12-01,RUN5C06BF,90002003,268
2025-12-01,RUNEBBF53,90002003,203
2025-12-01,RUN907813,90002003,245
2025-12-01,SKATCB097A,90002003,55
2025-12-01,SKAT407D01,90002003,148
2025-12-01,SKAT8BFE91,90002003,106
2025-12-01,SKAT47003B,90002003,129
2025-12-01,SKAT24B8F2,90002003,240
2025-12-01,SKAT8A94D3,90002003,176
2025-12-01,SKATC23D72,90002003,176
2025-12-01,SQUA4C7DCE,90002003,268
2025-12-01,SQUA99D795,90002003,203
2025-12-01,SQUA160B6F,90002003,125
2025-12-01,SQUAA3B44A,90002003,226
2025-12-01,SQUA84B377,90002003,86
2025-12-01,SQUA732DF1,90002003,235
2025-12-01,SQUA22F29D,90002003,77
2025-12-01,SQUA82575A,90002003,181
2025-12-01,SURF56D4BF,90002003,172
2025-12-01,SURF2EBCCA,90002003,190
2025-12-01,SURF8627B1,90002003,86
2025-12-01,SURF7A248A,90002003,54
2025-12-01,SURF60F2D1,90002003,136
2025-12-01,SURFE9DE14,90002003,77
2025-12-01,SURFEB883D,90002003,136
2025-12-01,SURFF237F1,90002003,108
2025-12-01,SURF69CACC,90002003,163
2025-12-01,SWIM8BE666,90002003,244
2025-12-01,SWIM0619EB,90002003,154
2025-12-01,SWIMCA28CC,90002003,86
2025-12-01,SWIM3B2B99,90002003,231
2025-12-01,SWIM4F5CDD,90002003,176
2025-12-01,SWIMB4058D,90002003,235
2025-12-01,SWIM139E14,90002003,208
2025-12-01,SWIME2E04A,90002003,203
2025-12-01,SWIMBAC8EE,90002003,95
2025-12-01,SWIM2785E8,90002003,262
2025-12-01,SWIM8D675F,90002003,77
2025-12-01,SWIM98EEF3,90002003,258
2025-12-01,SWIM9CB0C3,90002003,176
2025-12-01,SWIM3BD53D,90002003,118
2025-12-01,SWIM684A76,90002003,136
2025-12-01,SWIM1E7A6B,90002003,95
2025-12-01,TTEN18B609,90002003,77
2025-12-01,TTEND5F06B,90002003,81
2025-12-01,TTENB506A5,90002003,99
2025-12-01,TTEND35118,90002003,258
2025-12-01,TTEN2C5F16,90002003,217
2025-12-01,TTENE14F77,90002003,68
2025-12-01,TTEN658069,90002003,111
2025-12-01,TTEN204A0C,90002003,259
2025-12-01,TTEN99E28C,90002003,51
2025-12-01,TTENE352A9,90002003,240
2025-12-01,GAMES594E41,90002003,185
2025-12-01,GAMES78D8F4,90002003,208
2025-12-01,GAMES0B9C36,90002003,129
2025-12-01,GAMESA7F5F8,90002003,259
2025-12-01,GAMES55E6CB,90002003,236
2025-12-01,GAMES62C38E,90002003,208
2025-12-01,GAMES5EF6E3,90002003,254
2025-12-01,TENN1ADD96,90002003,208
2025-12-01,TENN32F2C2,90002003,226
2025-12-01,TENN11B50C,90002003,92
2025-12-01,TENN6E46CF,90002003,70
2025-12-01,TENN6AD4AC,90002003,169
2025-12-01,TENNDCCD5A,90002003,119
2025-12-01,TENN514228,90002003,103
2025-12-01,TENN0CFFE7,90002003,82
2025-12-01,TENN391CEF,90002003,74
2025-12-01,TENN151AB9,90002003,140
2025-12-01,TENN3F4E67,90002003,103
2025-12-01,TENNF49374,90002003,144
2025-12-01,TENN0B614F,90002003,148
2025-12-01,TENN4AEBA0,90002003,144
2025-12-01,TENN506041,90002003,206
2025-12-01,TENN6C0BC2,90002003,197
2025-12-01,VOLLF0E251,90002003,95
2025-12-01,VOLLA6AAB1,90002003,1144
2025-12-01,VOLLF5D4E6,90002003,423
2025-12-01,VOLLEEC6A4,90002003,676
2025-12-01,VOLL56AE91,90002003,792
2025-12-01,VOLLDDFCD0,90002003,1754
2025-12-01,VOLL4B8018,90002003,1824
2025-12-01,WLFT9CBF85,90002003,2056
2025-12-01,WLFTB0B8BE,90002003,945
2025-12-01,WLFT5DC367,90002003,954
2025-12-01,WLFT1704AC,90002003,1381
2025-12-01,WLFT053057,90002003,1700
2025-12-01,WLFT79618A,90002003,1244
2025-12-01,WLFTAE945F,90002003,630
2025-12-01,WLFTB7DF2B,90002003,1829
2025-12-01,WLFT52B261,90002003,559
2025-12-01,WLFT296A48,90002003,1380
2025-12-01,WLFT7AD84A,90002003,1047
2025-12-01,YOGA1B22A2,90002003,1025
2025-12-01,YOGA6FA844,90002003,696
2025-12-01,YOGAA7E602,90002003,751
2025-12-01,YOGA46952D,90002003,1361
2025-12-01,YOGA80ED66,90002003,430
2025-12-01,YOGA465ABE,90002003,396
2025-12-01,ARCHAFF0E4,90002004,1578
2025-12-01,ARCH6B94F7,90002004,737
2025-12-01,ARCH5D1FE7,90002004,1363
2025-12-01,ARCH7B49A9,90002004,1752
2025-12-01,ARCH497D34,90002004,196
2025-12-01,ARCHE71D79,90002004,741
2025-12-01,ARCHDD8749,90002004,622
2025-12-01,BADMC045D4,90002004,1522
2025-12-01,BADM4BAB38,90002004,533
2025-12-01,BADMDC6AB1,90002004,1532
2025-12-01,BADM50C510,90002004,290
2025-12-01,BADM2459FB,90002004,795
2025-12-01,BADME151E6,90002004,885
2025-12-01,BADMDA5EC8,90002004,1056
2025-12-01,BADM48A260,90002004,1313
2025-12-01,BADM8FFE12,90002004,933
2025-12-01,BADM1B8332,90002004,1070
2025-12-01,BADM7E90FB,90002004,1175
2025-12-01,BASK7F5383,90002004,1917
2025-12-01,BASKEE612D,90002004,695
2025-12-01,BASK4C69DF,90002004,1456
2025-12-01,BASK9E4294,90002004,2046
2025-12-01,BASKEE32E4,90002004,695
2025-12-01,BASKE57A19,90002004,1641
2025-12-01,BASK728A58,90002004,1703
2025-12-01,BASKED86BF,90002004,890
2025-12-01,BASK32528E,90002004,904
2025-12-01,BASK984F74,90002004,2255
2025-12-01,BOX8606F7,90002004,923
2025-12-01,BOXD26891,90002004,2103
2025-12-01,BOX17AD9F,90002004,476
2025-12-01,BOXB9DCC6,90002004,1109
2025-12-01,BOX3DC0E4,90002004,614
2025-12-01,BOX381514,90002004,2274
2025-12-01,BOX386644,90002004,1004
2025-12-01,BOX3A9CA9,90002004,1627
2025-12-01,BOXB0228B,90002004,1437
2025-12-01,CAMP7A5E65,90002004,1942
2025-12-01,CAMP69AF0F,90002004,1351
2025-12-01,CAMP10C410,90002004,2134
2025-12-01,CAMPECAADE,90002004,2260
2025-12-01,CAMPF24336,90002004,1004
2025-12-01,CAMPE624C8,90002004,1318
2025-12-01,CAMP11E3FA,90002004,2012
2025-12-01,CAMPCB6B05,90002004,713
2025-12-01,CAMPDFA679,90002004,624
2025-12-01,CAMP4005E6,90002004,2298
2025-12-01,CAMPD5615D,90002004,652
2025-12-01,HOCKA1EEE0,90002004,1759
2025-12-01,HOCK7723F0,90002004,638
2025-12-01,HOCK97BE68,90002004,2237
2025-12-01,HOCK2716B4,90002004,389
2025-12-01,HOCK05FECB,90002004,1571
2025-12-01,HOCK681856,90002004,467
2025-12-01,HOCKBBFD56,90002004,319
2025-12-01,HOCK57FB52,90002004,400
2025-12-01,HOCK294CD6,90002004,519
2025-12-01,HOCK892BAA,90002004,1067
2025-12-01,HOCK2AE4DF,90002004,1293
2025-12-01,HOCKC0D928,90002004,567
2025-12-01,HOCK341BC8,90002004,607
2025-12-01,HOCKB9EBFF,90002004,489
2025-12-01,HOCK5B2A0F,90002004,226
2025-12-01,HOCK2D3CF5,90002004,989
2025-12-01,HOCKC6CF02,90002004,1741
2025-12-01,HOCKA7893F,90002004,448
2025-12-01,HOCKA5001D,90002004,1504
2025-12-01,HOCK94FE34,90002004,730
2025-12-01,HOCK35B3C7,90002004,313
2025-12-01,HOCK462BA5,90002004,1315
2025-12-01,HOCKBDB8DA,90002004,1178
2025-12-01,HOCK1BA87E,90002004,1649
2025-12-01,HOCK7633A6,90002004,796
2025-12-01,HOCK8B52CE,90002004,1691
2025-12-01,HOCK538334,90002004,1208
2025-12-01,HOCK385D92,90002004,360
2025-12-01,HOCKF950D4,90002004,1439
2025-12-01,HOCK16E55F,90002004,599
2025-12-01,HOCK02DA3C,90002004,1709
2025-12-01,HOCK98DB22,90002004,432
2025-12-01,HOCKCE879E,90002004,574
2025-12-01,HOCK372046,90002004,1186
2025-12-01,HOCKF6D4C2,90002004,1910
2025-12-01,HOCK7270D1,90002004,711
2025-12-01,HOCK64B186,90002004,1336
2025-12-01,HOCK2841E6,90002004,1691
2025-12-01,HOCK2101AF,90002004,1995
2025-12-01,HOCKDB62E7,90002004,929
2025-12-01,HOCKA7A3B4,90002004,514
2025-12-01,HOCKD69383,90002004,612
2025-12-01,HOCK97883A,90002004,2008
2025-12-01,HOCK55A6B5,90002004,1726
2025-12-01,HOCK7A3D0A,90002004,1687
2025-12-01,HOCK76C189,90002004,754
2025-12-01,HOCK8DF8D8,90002004,1169
2025-12-01,HOCK19DC2D,90002004,1580
2025-12-01,HOCKAEA857,90002004,933
2025-12-01,HOCK55BF8F,90002004,1105
2025-12-01,HOCKA76614,90002004,792
2025-12-01,HOCK2D7B61,90002004,1289
2025-12-01,HOCKC6150F,90002004,1486
2025-12-01,CYCLDE0772,90002004,1738
2025-12-01,CYCLBD7368,90002004,1272
2025-12-01,CYCL9F921D,90002004,929
2025-12-01,CYCL8D32DD,90002004,505
2025-12-01,CYCL903AF1,90002004,1400
2025-12-01,CYCLB9F510,90002004,1486
2025-12-01,CYCL3A3BA9,90002004,728
2025-12-01,CYCL28EDD2,90002004,839
2025-12-01,CYCL8D92F6,90002004,1165
2025-12-01,CYCLA4B3CA,90002004,1285
2025-12-01,FISHE20FE7,90002004,835
2025-12-01,FISH435E84,90002004,1794
2025-12-01,FISHF83738,90002004,1083
2025-12-01,FISHC4F1E3,90002004,1538
2025-12-01,FISH9C6E1A,90002004,369
2025-12-01,FISH9DCA51,90002004,388
2025-12-01,FISHA6E17F,90002004,1427
2025-12-01,SOCCDA10C6,90002004,1751
2025-12-01,SOCC8B25BD,90002004,784
2025-12-01,SOCCBCD3A9,90002004,826
2025-12-01,SOCCC865F3,90002004,1724
2025-12-01,SOCC9DB3E4,90002004,735
2025-12-01,SOCCB533BF,90002004,1355
2025-12-01,SOCC80D996,90002004,1800
2025-12-01,SOCC0CD3DE,90002004,674
2025-12-01,SOCC528FB5,90002004,491
2025-12-01,SOCC86D9A9,90002004,1279
2025-12-01,SOCC0E544D,90002004,708
2025-12-01,SOCCF63A17,90002004,662
2025-12-01,SOCC93E2C6,90002004,457
2025-12-01,SOCC2BAAAD,90002004,1720
2025-12-01,SOCC9B3291,90002004,419
2025-12-01,SOCC7DA9E9,90002004,818
2025-12-01,SOCC6681B1,90002004,704
2025-12-01,SOCC2271DD,90002004,986
2025-12-01,SOCC614FC7,90002004,1576
2025-12-01,SOCC41CE85,90002004,1846
2025-12-01,SOCCC136F5,90002004,1827
2025-12-01,SOCCBF1E0A,90002004,735
2025-12-01,SOCCDD733E,90002004,1515
2025-12-01,SOCCCC8143,90002004,636
2025-12-01,SOCCE19E1A,90002004,274
2025-12-01,SOCC3DC7AC,90002004,1488
2025-12-01,SOCCE1C418,90002004,1789
2025-12-01,SOCC595ABB,90002004,1762
2025-12-01,SOCCB792C1,90002004,1024
2025-12-01,SOCC5F7FD6,90002004,1587
2025-12-01,SOCC347728,90002004,1538
2025-12-01,SOCCFD98D3,90002004,1465
2025-12-01,SOCC75A7DE,90002004,1024
2025-12-01,SOCC5FB337,90002004,1500
2025-12-01,SOCCAFD990,90002004,1572
2025-12-01,SOCC9B1B1E,90002004,225
2025-12-01,SOCCABBA46,90002004,628
2025-12-01,SOCCEC0AEA,90002004,674
2025-12-01,SOCCF21535,90002004,1031
2025-12-01,SOCC1E3E32,90002004,1218
2025-12-01,SOCC71C831,90002004,1549
2025-12-01,SOCC7EB7BC,90002004,1707
2025-12-01,SOCC17860D,90002004,1821
2025-12-01,SOCC63FDD7,90002004,1624
2025-12-01,SOCCFCA276,90002004,1230
2025-12-01,SOCCD3B001,90002004,1210
2025-12-01,SOCC65813B,90002004,469
2025-12-01,SOCC4A3199,90002004,1648
2025-12-01,SOCC424157,90002004,619
2025-12-01,SOCC67945A,90002004,1325
2025-12-01,SOCCAB35F3,90002004,796
2025-12-01,SOCC489639,90002004,1541
2025-12-01,HNDLA1722E,90002004,1202
2025-12-01,HNDL03C073,90002004,1920
2025-12-01,HNDL9B1B7D,90002004,288
2025-12-01,HNDLB5AAA4,90002004,1502
2025-12-01,HNDLCD10B6,90002004,954
2025-12-01,HIKA1D299,90002004,442
2025-12-01,HIK8D130E,90002004,149
2025-12-01,HIK551B1C,90002004,78
2025-12-01,HIKC3460C,90002004,180
2025-12-01,HIKF7229D,90002004,203
2025-12-01,HIK070F0B,90002004,149
2025-12-01,HIKCAC6DD,90002004,223
2025-12-01,HIK77A350,90002004,90
2025-12-01,HIK1EDFAB,90002004,94
2025-12-01,HIK36B5E7,90002004,188
2025-12-01,HIK3D8B94,90002004,160
2025-12-01,HIKBE06F0,90002004,184
2025-12-01,HIKD4C3B1,90002004,188
2025-12-01,HIK477AAF,90002004,231
2025-12-01,HIK3DF988,90002004,156
2025-12-01,HIKD36FFD,90002004,59
2025-12-01,HIKFE5678,90002004,195
2025-12-01,HIKF1C8B8,90002004,86
2025-12-01,HIKC8C113,90002004,117
2025-12-01,HIK122A22,90002004,203
2025-12-01,HIKAD4D17,90002004,184
2025-12-01,HORSE77A541,90002004,203
2025-12-01,HORSE2EEE60,90002004,199
2025-12-01,HORSE3B12B0,90002004,86
2025-12-01,HORSEAE5456,90002004,160
2025-12-01,HORSEB0E845,90002004,129
2025-12-01,HORSE63358C,90002004,172
2025-12-01,HORSEEB0E93,90002004,164
2025-12-01,HORSEE8A02C,90002004,59
2025-12-01,HORSE32EC33,90002004,63
2025-12-01,HORSE2CAEAB,90002004,203
2025-12-01,RACKD4E78B,90002004,168
2025-12-01,RACK105320,90002004,133
2025-12-01,RACK66912E,90002004,90
2025-12-01,RACKFDE19F,90002004,133
2025-12-01,RACK435CCD,90002004,86
2025-12-01,RACK3489DB,90002004,203
2025-12-01,RACK82A423,90002004,121
2025-12-01,RACK5D92A1,90002004,129
2025-12-01,RACK69205F,90002004,133
2025-12-01,ROCKC708F5,90002004,70
2025-12-01,ROCKD798F6,90002004,164
2025-12-01,ROCKF69138,90002004,160
2025-12-01,ROCK9DEEFF,90002004,149
2025-12-01,ROCKED21EA,90002004,74
2025-12-01,ROCKCC3BF4,90002004,90
2025-12-01,ROCK0F8FA1,90002004,152
2025-12-01,ROCK3F43FF,90002004,129
2025-12-01,ROCK32D5D0,90002004,184
2025-12-01,RUN2FE4D5,90002004,90
2025-12-01,RUNCF8C32,90002004,129
2025-12-01,RUNC06D4D,90002004,156
2025-12-01,RUNE665CD,90002004,156
2025-12-01,RUN6AA3AE,90002004,66
2025-12-01,RUND54C0F,90002004,82
2025-12-01,RUNA56979,90002004,133
2025-12-01,RUND6A4A7,90002004,109
2025-12-01,RUND5648C,90002004,94
2025-12-01,RUND03BFE,90002004,185
2025-12-01,RUND9B589,90002004,180
2025-12-01,RUN6DCFAC,90002004,106
2025-12-01,RUN1AB696,90002004,273
2025-12-01,RUN4820EF,90002004,148
2025-12-01,RUN339949,90002004,277
2025-12-01,RUN10A073,90002004,217
2025-12-01,RUNB90BB2,90002004,254
2025-12-01,RUN785BD8,90002004,250
2025-12-01,RUN51B03C,90002004,240
2025-12-01,RUN1D0017,90002004,236
2025-12-01,RUN192A50,90002004,148
2025-12-01,RUN5C06BF,90002004,120
2025-12-01,RUNEBBF53,90002004,83
2025-12-01,RUN907813,90002004,217
2025-12-01,SKATCB097A,90002004,222
2025-12-01,SKAT407D01,90002004,236
2025-12-01,SKAT8BFE91,90002004,69
2025-12-01,SKAT47003B,90002004,185
2025-12-01,SKAT24B8F2,90002004,236
2025-12-01,SKAT8A94D3,90002004,185
2025-12-01,SKATC23D72,90002004,69
2025-12-01,SQUA4C7DCE,90002004,203
2025-12-01,SQUA99D795,90002004,69
2025-12-01,SQUA160B6F,90002004,134
2025-12-01,SQUAA3B44A,90002004,120
2025-12-01,SQUA84B377,90002004,163
2025-12-01,SQUA732DF1,90002004,127
2025-12-01,SQUA22F29D,90002004,231
2025-12-01,SQUA82575A,90002004,81
2025-12-01,SURF56D4BF,90002004,217
2025-12-01,SURF2EBCCA,90002004,190
2025-12-01,SURF8627B1,90002004,199
2025-12-01,SURF7A248A,90002004,118
2025-12-01,SURF60F2D1,90002004,149
2025-12-01,SURFE9DE14,90002004,212
2025-12-01,SURFEB883D,90002004,77
2025-12-01,SURFF237F1,90002004,81
2025-12-01,SURF69CACC,90002004,240
2025-12-01,SWIM8BE666,90002004,176
2025-12-01,SWIM0619EB,90002004,86
2025-12-01,SWIMCA28CC,90002004,244
2025-12-01,SWIM3B2B99,90002004,45
2025-12-01,SWIM4F5CDD,90002004,86
2025-12-01,SWIMB4058D,90002004,267
2025-12-01,SWIM139E14,90002004,158
2025-12-01,SWIME2E04A,90002004,203
2025-12-01,SWIMBAC8EE,90002004,176
2025-12-01,SWIM2785E8,90002004,90
2025-12-01,SWIM8D675F,90002004,81
2025-12-01,SWIM98EEF3,90002004,127
2025-12-01,SWIM9CB0C3,90002004,131
2025-12-01,SWIM3BD53D,90002004,258
2025-12-01,SWIM684A76,90002004,226
2025-12-01,SWIM1E7A6B,90002004,163
2025-12-01,TTEN18B609,90002004,167
2025-12-01,TTEND5F06B,90002004,172
2025-12-01,TTENB506A5,90002004,95
2025-12-01,TTEND35118,90002004,72
2025-12-01,TTEN2C5F16,90002004,113
2025-12-01,TTENE14F77,90002004,167
2025-12-01,TTEN658069,90002004,102
2025-12-01,TTEN204A0C,90002004,240
2025-12-01,TTEN99E28C,90002004,46
2025-12-01,TTENE352A9,90002004,226
2025-12-01,GAMES594E41,90002004,166
2025-12-01,GAMES78D8F4,90002004,268
2025-12-01,GAMES0B9C36,90002004,139
2025-12-01,GAMESA7F5F8,90002004,69
2025-12-01,GAMES55E6CB,90002004,74
2025-12-01,GAMES62C38E,90002004,111
2025-12-01,GAMES5EF6E3,90002004,88
2025-12-01,TENN1ADD96,90002004,199
2025-12-01,TENN32F2C2,90002004,259
2025-12-01,TENN11B50C,90002004,263
2025-12-01,TENN6E46CF,90002004,238
2025-12-01,TENN6AD4AC,90002004,74
2025-12-01,TENNDCCD5A,90002004,103
2025-12-01,TENN514228,90002004,111
2025-12-01,TENN0CFFE7,90002004,218
2025-12-01,TENN391CEF,90002004,160
2025-12-01,TENN151AB9,90002004,148
2025-12-01,TENN3F4E67,90002004,148
2025-12-01,TENNF49374,90002004,99
2025-12-01,TENN0B614F,90002004,189
2025-12-01,TENN4AEBA0,90002004,111
2025-12-01,TENN506041,90002004,189
2025-12-01,TENN6C0BC2,90002004,99
2025-12-01,VOLLF0E251,90002004,86
2025-12-01,VOLLA6AAB1,90002004,1596
2025-12-01,VOLLF5D4E6,90002004,2003
2025-12-01,VOLLEEC6A4,90002004,1041
2025-12-01,VOLL56AE91,90002004,352
2025-12-01,VOLLDDFCD0,90002004,406
2025-12-01,VOLL4B8018,90002004,858
2025-12-01,WLFT9CBF85,90002004,1745
2025-12-01,WLFTB0B8BE,90002004,1468
2025-12-01,WLFT5DC367,90002004,1658
2025-12-01,WLFT1704AC,90002004,829
2025-12-01,WLFT053057,90002004,755
2025-12-01,WLFT79618A,90002004,767
2025-12-01,WLFTAE945F,90002004,2044
2025-12-01,WLFTB7DF2B,90002004,875
2025-12-01,WLFT52B261,90002004,277
2025-12-01,WLFT296A48,90002004,598
2025-12-01,WLFT7AD84A,90002004,1212
2025-12-01,YOGA1B22A2,90002004,303
2025-12-01,YOGA6FA844,90002004,780
2025-12-01,YOGAA7E602,90002004,1072
2025-12-01,YOGA46952D,90002004,373
2025-12-01,YOGA80ED66,90002004,947
2025-12-01,YOGA465ABE,90002004,1196
2025-12-01,ARCHAFF0E4,90002006,556
2025-12-01,ARCH6B94F7,90002006,811
2025-12-01,ARCH5D1FE7,90002006,1422
2025-12-01,ARCH7B49A9,90002006,1148
2025-12-01,ARCH497D34,90002006,285
2025-12-01,ARCHE71D79,90002006,956
2025-12-01,ARCHDD8749,90002006,1815
2025-12-01,BADMC045D4,90002006,1022
2025-12-01,BADM4BAB38,90002006,528
2025-12-01,BADMDC6AB1,90002006,462
2025-12-01,BADM50C510,90002006,1166
2025-12-01,BADM2459FB,90002006,1917
2025-12-01,BADME151E6,90002006,1932
2025-12-01,BADMDA5EC8,90002006,2374
2025-12-01,BADM48A260,90002006,1047
2025-12-01,BADM8FFE12,90002006,1622
2025-12-01,BADM1B8332,90002006,1380
2025-12-01,BADM7E90FB,90002006,1580
2025-12-01,BASK7F5383,90002006,2055
2025-12-01,BASKEE612D,90002006,1332
2025-12-01,BASK4C69DF,90002006,1699
2025-12-01,BASK9E4294,90002006,2074
2025-12-01,BASKEE32E4,90002006,1922
2025-12-01,BASKE57A19,90002006,1660
2025-12-01,BASK728A58,90002006,1237
2025-12-01,BASKED86BF,90002006,899
2025-12-01,BASK32528E,90002006,1732
2025-12-01,BASK984F74,90002006,1423
2025-12-01,BOX8606F7,90002006,680
2025-12-01,BOXD26891,90002006,661
2025-12-01,BOX17AD9F,90002006,1142
2025-12-01,BOXB9DCC6,90002006,1908
2025-12-01,BOX3DC0E4,90002006,2222
2025-12-01,BOX381514,90002006,1042
2025-12-01,BOX386644,90002006,614
2025-12-01,BOX3A9CA9,90002006,852
2025-12-01,BOXB0228B,90002006,828
2025-12-01,CAMP7A5E65,90002006,295
2025-12-01,CAMP69AF0F,90002006,1590
2025-12-01,CAMP10C410,90002006,910
2025-12-01,CAMPECAADE,90002006,746
2025-12-01,CAMPF24336,90002006,905
2025-12-01,CAMPE624C8,90002006,858
2025-12-01,CAMP11E3FA,90002006,1149
2025-12-01,CAMPCB6B05,90002006,1815
2025-12-01,CAMPDFA679,90002006,1215
2025-12-01,CAMP4005E6,90002006,1430
2025-12-01,CAMPD5615D,90002006,1454
2025-12-01,HOCKA1EEE0,90002006,1913
2025-12-01,HOCK7723F0,90002006,1609
2025-12-01,HOCK97BE68,90002006,2101
2025-12-01,HOCK2716B4,90002006,924
2025-12-01,HOCK05FECB,90002006,885
2025-12-01,HOCK681856,90002006,578
2025-12-01,HOCKBBFD56,90002006,1434
2025-12-01,HOCK57FB52,90002006,726
2025-12-01,HOCK294CD6,90002006,1285
2025-12-01,HOCK892BAA,90002006,915
2025-12-01,HOCK2AE4DF,90002006,1056
2025-12-01,HOCKC0D928,90002006,1056
2025-12-01,HOCK341BC8,90002006,237
2025-12-01,HOCKB9EBFF,90002006,196
2025-12-01,HOCK5B2A0F,90002006,778
2025-12-01,HOCK2D3CF5,90002006,585
2025-12-01,HOCKC6CF02,90002006,837
2025-12-01,HOCKA7893F,90002006,1400
2025-12-01,HOCKA5001D,90002006,611
2025-12-01,HOCK94FE34,90002006,933
2025-12-01,HOCK35B3C7,90002006,1704
2025-12-01,HOCK462BA5,90002006,325
2025-12-01,HOCKBDB8DA,90002006,1041
2025-12-01,HOCK1BA87E,90002006,467
2025-12-01,HOCK7633A6,90002006,283
2025-12-01,HOCK8B52CE,90002006,510
2025-12-01,HOCK538334,90002006,1948
2025-12-01,HOCK385D92,90002006,1584
2025-12-01,HOCKF950D4,90002006,214
2025-12-01,HOCK16E55F,90002006,1357
2025-12-01,HOCK02DA3C,90002006,2051
2025-12-01,HOCK98DB22,90002006,707
2025-12-01,HOCKCE879E,90002006,1464
2025-12-01,HOCK372046,90002006,248
2025-12-01,HOCKF6D4C2,90002006,702
2025-12-01,HOCK7270D1,90002006,1914
2025-12-01,HOCK64B186,90002006,1190
2025-12-01,HOCK2841E6,90002006,278
2025-12-01,HOCK2101AF,90002006,1893
2025-12-01,HOCKDB62E7,90002006,1190
2025-12-01,HOCKA7A3B4,90002006,1649
2025-12-01,HOCKD69383,90002006,1336
2025-12-01,HOCK97883A,90002006,1816
2025-12-01,HOCK55A6B5,90002006,330
2025-12-01,HOCK7A3D0A,90002006,1413
2025-12-01,HOCK76C189,90002006,621
2025-12-01,HOCK8DF8D8,90002006,338
2025-12-01,HOCK19DC2D,90002006,1494
2025-12-01,HOCKAEA857,90002006,1225
2025-12-01,HOCK55BF8F,90002006,1820
2025-12-01,HOCKA76614,90002006,831
2025-12-01,HOCK2D7B61,90002006,321
2025-12-01,HOCKC6150F,90002006,779
2025-12-01,CYCLDE0772,90002006,540
2025-12-01,CYCLBD7368,90002006,1803
2025-12-01,CYCL9F921D,90002006,1079
2025-12-01,CYCL8D32DD,90002006,968
2025-12-01,CYCL903AF1,90002006,1593
2025-12-01,CYCLB9F510,90002006,2017
2025-12-01,CYCL3A3BA9,90002006,1953
2025-12-01,CYCL28EDD2,90002006,261
2025-12-01,CYCL8D92F6,90002006,2081
2025-12-01,CYCLA4B3CA,90002006,1760
2025-12-01,FISHE20FE7,90002006,1272
2025-12-01,FISH435E84,90002006,334
2025-12-01,FISHF83738,90002006,1233
2025-12-01,FISHC4F1E3,90002006,1363
2025-12-01,FISH9C6E1A,90002006,1081
2025-12-01,FISH9DCA51,90002006,1321
2025-12-01,FISHA6E17F,90002006,898
2025-12-01,SOCCDA10C6,90002006,1542
2025-12-01,SOCC8B25BD,90002006,1031
2025-12-01,SOCCBCD3A9,90002006,1092
2025-12-01,SOCCC865F3,90002006,921
2025-12-01,SOCC9DB3E4,90002006,1568
2025-12-01,SOCCB533BF,90002006,1062
2025-12-01,SOCC80D996,90002006,1237
2025-12-01,SOCC0CD3DE,90002006,369
2025-12-01,SOCC528FB5,90002006,1092
2025-12-01,SOCC86D9A9,90002006,1576
2025-12-01,SOCC0E544D,90002006,1191
2025-12-01,SOCCF63A17,90002006,1545
2025-12-01,SOCC93E2C6,90002006,301
2025-12-01,SOCC2BAAAD,90002006,1039
2025-12-01,SOCC9B3291,90002006,464
2025-12-01,SOCC7DA9E9,90002006,1854
2025-12-01,SOCC6681B1,90002006,811
2025-12-01,SOCC2271DD,90002006,1081
2025-12-01,SOCC614FC7,90002006,407
2025-12-01,SOCC41CE85,90002006,464
2025-12-01,SOCCC136F5,90002006,921
2025-12-01,SOCCBF1E0A,90002006,575
2025-12-01,SOCCDD733E,90002006,1332
2025-12-01,SOCCCC8143,90002006,883
2025-12-01,SOCCE19E1A,90002006,1709
2025-12-01,SOCC3DC7AC,90002006,1351
2025-12-01,SOCCE1C418,90002006,381
2025-12-01,SOCC595ABB,90002006,1675
2025-12-01,SOCCB792C1,90002006,1424
2025-12-01,SOCC5F7FD6,90002006,1530
2025-12-01,SOCC347728,90002006,521
2025-12-01,SOCCFD98D3,90002006,1203
2025-12-01,SOCC75A7DE,90002006,1739
2025-12-01,SOCC5FB337,90002006,1717
2025-12-01,SOCCAFD990,90002006,1028
2025-12-01,SOCC9B1B1E,90002006,681
2025-12-01,SOCCABBA46,90002006,1378
2025-12-01,SOCCEC0AEA,90002006,1698
2025-12-01,SOCCF21535,90002006,639
2025-12-01,SOCC1E3E32,90002006,738
2025-12-01,SOCC71C831,90002006,776
2025-12-01,SOCC7EB7BC,90002006,1727
2025-12-01,SOCC17860D,90002006,623
2025-12-01,SOCC63FDD7,90002006,1498
2025-12-01,SOCCFCA276,90002006,1821
2025-12-01,SOCCD3B001,90002006,792
2025-12-01,SOCC65813B,90002006,1214
2025-12-01,SOCC4A3199,90002006,1261
2025-12-01,SOCC424157,90002006,296
2025-12-01,SOCC67945A,90002006,982
2025-12-01,SOCCAB35F3,90002006,1376
2025-12-01,SOCC489639,90002006,1151
2025-12-01,HNDLA1722E,90002006,966
2025-12-01,HNDL03C073,90002006,1533
2025-12-01,HNDL9B1B7D,90002006,1928
2025-12-01,HNDLB5AAA4,90002006,1884
2025-12-01,HNDLCD10B6,90002006,1250
2025-12-01,HIKA1D299,90002006,1332
2025-12-01,HIK8D130E,90002006,164
2025-12-01,HIK551B1C,90002006,172
2025-12-01,HIKC3460C,90002006,234
2025-12-01,HIKF7229D,90002006,227
2025-12-01,HIK070F0B,90002006,156
2025-12-01,HIKCAC6DD,90002006,102
2025-12-01,HIK77A350,90002006,195
2025-12-01,HIK1EDFAB,90002006,78
2025-12-01,HIK36B5E7,90002006,117
2025-12-01,HIK3D8B94,90002006,184
2025-12-01,HIKBE06F0,90002006,180
2025-12-01,HIKD4C3B1,90002006,219
2025-12-01,HIK477AAF,90002006,141
2025-12-01,HIK3DF988,90002006,195
2025-12-01,HIKD36FFD,90002006,195
2025-12-01,HIKFE5678,90002006,160
2025-12-01,HIKF1C8B8,90002006,168
2025-12-01,HIKC8C113,90002006,102
2025-12-01,HIK122A22,90002006,227
2025-12-01,HIKAD4D17,90002006,98
2025-12-01,HORSE77A541,90002006,70
2025-12-01,HORSE2EEE60,90002006,133
2025-12-01,HORSE3B12B0,90002006,133
2025-12-01,HORSEAE5456,90002006,207
2025-12-01,HORSEB0E845,90002006,74
2025-12-01,HORSE63358C,90002006,141
2025-12-01,HORSEEB0E93,90002006,66
2025-12-01,HORSEE8A02C,90002006,207
2025-12-01,HORSE32EC33,90002006,231
2025-12-01,HORSE2CAEAB,90002006,188
2025-12-01,RACKD4E78B,90002006,109
2025-12-01,RACK105320,90002006,172
2025-12-01,RACK66912E,90002006,43
2025-12-01,RACKFDE19F,90002006,113
2025-12-01,RACK435CCD,90002006,145
2025-12-01,RACK3489DB,90002006,113
2025-12-01,RACK82A423,90002006,207
2025-12-01,RACK5D92A1,90002006,86
2025-12-01,RACK69205F,90002006,113
2025-12-01,ROCKC708F5,90002006,109
2025-12-01,ROCKD798F6,90002006,94
2025-12-01,ROCKF69138,90002006,51
2025-12-01,ROCK9DEEFF,90002006,47
2025-12-01,ROCKED21EA,90002006,141
2025-12-01,ROCKCC3BF4,90002006,129
2025-12-01,ROCK0F8FA1,90002006,86
2025-12-01,ROCK3F43FF,90002006,59
2025-12-01,ROCK32D5D0,90002006,113
2025-12-01,RUN2FE4D5,90002006,160
2025-12-01,RUNCF8C32,90002006,90
2025-12-01,RUNC06D4D,90002006,63
2025-12-01,RUNE665CD,90002006,152
2025-12-01,RUN6AA3AE,90002006,86
2025-12-01,RUND54C0F,90002006,78
2025-12-01,RUNA56979,90002006,63
2025-12-01,RUND6A4A7,90002006,164
2025-12-01,RUND5648C,90002006,164
2025-12-01,RUND03BFE,90002006,88
2025-12-01,RUND9B589,90002006,162
2025-12-01,RUN6DCFAC,90002006,143
2025-12-01,RUN1AB696,90002006,217
2025-12-01,RUN4820EF,90002006,273
2025-12-01,RUN339949,90002006,65
2025-12-01,RUN10A073,90002006,213
2025-12-01,RUNB90BB2,90002006,208
2025-12-01,RUN785BD8,90002006,79
2025-12-01,RUN51B03C,90002006,88
2025-12-01,RUN1D0017,90002006,92
2025-12-01,RUN192A50,90002006,245
2025-12-01,RUN5C06BF,90002006,69
2025-12-01,RUNEBBF53,90002006,157
2025-12-01,RUN907813,90002006,180
2025-12-01,SKATCB097A,90002006,189
2025-12-01,SKAT407D01,90002006,129
2025-12-01,SKAT8BFE91,90002006,97
2025-12-01,SKAT47003B,90002006,268
2025-12-01,SKAT24B8F2,90002006,176
2025-12-01,SKAT8A94D3,90002006,250
2025-12-01,SKATC23D72,90002006,69
2025-12-01,SQUA4C7DCE,90002006,46
2025-12-01,SQUA99D795,90002006,194
2025-12-01,SQUA160B6F,90002006,203
2025-12-01,SQUAA3B44A,90002006,153
2025-12-01,SQUA84B377,90002006,176
2025-12-01,SQUA732DF1,90002006,172
2025-12-01,SQUA22F29D,90002006,249
2025-12-01,SQUA82575A,90002006,145
2025-12-01,SURF56D4BF,90002006,199
2025-12-01,SURF2EBCCA,90002006,68
2025-12-01,SURF8627B1,90002006,226
2025-12-01,SURF7A248A,90002006,45
2025-12-01,SURF60F2D1,90002006,163
2025-12-01,SURFE9DE14,90002006,59
2025-12-01,SURFEB883D,90002006,181
2025-12-01,SURFF237F1,90002006,127
2025-12-01,SURF69CACC,90002006,140
2025-12-01,SWIM8BE666,90002006,104
2025-12-01,SWIM0619EB,90002006,249
2025-12-01,SWIMCA28CC,90002006,267
2025-12-01,SWIM3B2B99,90002006,244
2025-12-01,SWIM4F5CDD,90002006,240
2025-12-01,SWIMB4058D,90002006,217
2025-12-01,SWIM139E14,90002006,86
2025-12-01,SWIME2E04A,90002006,113
2025-12-01,SWIMBAC8EE,90002006,240
2025-12-01,SWIM2785E8,90002006,154
2025-12-01,SWIM8D675F,90002006,185
2025-12-01,SWIM98EEF3,90002006,99
2025-12-01,SWIM9CB0C3,90002006,72
2025-12-01,SWIM3BD53D,90002006,108
2025-12-01,SWIM684A76,90002006,190
2025-12-01,SWIM1E7A6B,90002006,140
2025-12-01,TTEN18B609,90002006,72
2025-12-01,TTEND5F06B,90002006,59
2025-12-01,TTENB506A5,90002006,258
2025-12-01,TTEND35118,90002006,267
2025-12-01,TTEN2C5F16,90002006,163
2025-12-01,TTENE14F77,90002006,271
2025-12-01,TTEN658069,90002006,245
2025-12-01,TTEN204A0C,90002006,74
2025-12-01,TTEN99E28C,90002006,143
2025-12-01,TTENE352A9,90002006,268
2025-12-01,GAMES594E41,90002006,111
2025-12-01,GAMES78D8F4,90002006,268
2025-12-01,GAMES0B9C36,90002006,199
2025-12-01,GAMESA7F5F8,90002006,153
2025-12-01,GAMES55E6CB,90002006,69
2025-12-01,GAMES62C38E,90002006,129
2025-12-01,GAMES5EF6E3,90002006,250
2025-12-01,TENN1ADD96,90002006,180
2025-12-01,TENN32F2C2,90002006,273
2025-12-01,TENN11B50C,90002006,231
2025-12-01,TENN6E46CF,90002006,41
2025-12-01,TENN6AD4AC,90002006,193
2025-12-01,TENNDCCD5A,90002006,119
2025-12-01,TENN514228,90002006,197
2025-12-01,TENN0CFFE7,90002006,243
2025-12-01,TENN391CEF,90002006,156
2025-12-01,TENN151AB9,90002006,160
2025-12-01,TENN3F4E67,90002006,247
2025-12-01,TENNF49374,90002006,62
2025-12-01,TENN0B614F,90002006,107
2025-12-01,TENN4AEBA0,90002006,201
2025-12-01,TENN506041,90002006,156
2025-12-01,TENN6C0BC2,90002006,53
2025-12-01,VOLLF0E251,90002006,103
2025-12-01,VOLLA6AAB1,90002006,1584
2025-12-01,VOLLF5D4E6,90002006,1256
2025-12-01,VOLLEEC6A4,90002006,216
2025-12-01,VOLL56AE91,90002006,1244
2025-12-01,VOLLDDFCD0,90002006,2048
2025-12-01,VOLL4B8018,90002006,1310
2025-12-01,WLFT9CBF85,90002006,933
2025-12-01,WLFTB0B8BE,90002006,1886
2025-12-01,WLFT5DC367,90002006,1016
2025-12-01,WLFT1704AC,90002006,1037
2025-12-01,WLFT053057,90002006,630
2025-12-01,WLFT79618A,90002006,1173
2025-12-01,WLFTAE945F,90002006,1231
2025-12-01,WLFTB7DF2B,90002006,1657
2025-12-01,WLFT52B261,90002006,504
2025-12-01,WLFT296A48,90002006,1200
2025-12-01,WLFT7AD84A,90002006,1188
2025-12-01,YOGA1B22A2,90002006,1309
2025-12-01,YOGA6FA844,90002006,1398
2025-12-01,YOGAA7E602,90002006,1418
2025-12-01,YOGA46952D,90002006,973
2025-12-01,YOGA80ED66,90002006,1005
2025-12-01,YOGA465ABE,90002006,991
2025-12-01,ARCHAFF0E4,90002007,1397
2025-12-01,ARCH6B94F7,90002007,207
2025-12-01,ARCH5D1FE7,90002007,1030
2025-12-01,ARCH7B49A9,90002007,1678
2025-12-01,ARCH497D34,90002007,1248
2025-12-01,ARCHE71D79,90002007,793
2025-12-01,ARCHDD8749,90002007,1674
2025-12-01,BADMC045D4,90002007,1660
2025-12-01,BADM4BAB38,90002007,1913
2025-12-01,BADMDC6AB1,90002007,538
2025-12-01,BADM50C510,90002007,1537
2025-12-01,BADM2459FB,90002007,1903
2025-12-01,BADME151E6,90002007,1699
2025-12-01,BADMDA5EC8,90002007,1132
2025-12-01,BADM48A260,90002007,1228
2025-12-01,BADM8FFE12,90002007,1679
2025-12-01,BADM1B8332,90002007,2288
2025-12-01,BADM7E90FB,90002007,2093
2025-12-01,BASK7F5383,90002007,1275
2025-12-01,BASKEE612D,90002007,842
2025-12-01,BASK4C69DF,90002007,642
2025-12-01,BASK9E4294,90002007,2293
2025-12-01,BASKEE32E4,90002007,2269
2025-12-01,BASKE57A19,90002007,756
2025-12-01,BASK728A58,90002007,2265
2025-12-01,BASKED86BF,90002007,1884
2025-12-01,BASK32528E,90002007,2346
2025-12-01,BASK984F74,90002007,2122
2025-12-01,BOX8606F7,90002007,595
2025-12-01,BOXD26891,90002007,837
2025-12-01,BOX17AD9F,90002007,619
2025-12-01,BOXB9DCC6,90002007,604
2025-12-01,BOX3DC0E4,90002007,1099
2025-12-01,BOX381514,90002007,1989
2025-12-01,BOX386644,90002007,1794
2025-12-01,BOX3A9CA9,90002007,442
2025-12-01,BOXB0228B,90002007,462
2025-12-01,CAMP7A5E65,90002007,1496
2025-12-01,CAMP69AF0F,90002007,1871
2025-12-01,CAMP10C410,90002007,244
2025-12-01,CAMPECAADE,90002007,872
2025-12-01,CAMPF24336,90002007,1852
2025-12-01,CAMPE624C8,90002007,1993
2025-12-01,CAMP11E3FA,90002007,277
2025-12-01,CAMPCB6B05,90002007,1290
2025-12-01,CAMPDFA679,90002007,661
2025-12-01,CAMP4005E6,90002007,1524
2025-12-01,CAMPD5615D,90002007,286
2025-12-01,HOCKA1EEE0,90002007,1519
2025-12-01,HOCK7723F0,90002007,2298
2025-12-01,HOCK97BE68,90002007,1032
2025-12-01,HOCK2716B4,90002007,1022
2025-12-01,HOCK05FECB,90002007,1271
2025-12-01,HOCK681856,90002007,422
2025-12-01,HOCKBBFD56,90002007,748
2025-12-01,HOCK57FB52,90002007,1752
2025-12-01,HOCK294CD6,90002007,967
2025-12-01,HOCK892BAA,90002007,722
2025-12-01,HOCK2AE4DF,90002007,1226
2025-12-01,HOCKC0D928,90002007,370
2025-12-01,HOCK341BC8,90002007,1030
2025-12-01,HOCKB9EBFF,90002007,270
2025-12-01,HOCK5B2A0F,90002007,637
2025-12-01,HOCK2D3CF5,90002007,385
2025-12-01,HOCKC6CF02,90002007,193
2025-12-01,HOCKA7893F,90002007,1756
2025-12-01,HOCKA5001D,90002007,1289
2025-12-01,HOCK94FE34,90002007,1248
2025-12-01,HOCK35B3C7,90002007,1045
2025-12-01,HOCK462BA5,90002007,1619
2025-12-01,HOCKBDB8DA,90002007,1507
2025-12-01,HOCK1BA87E,90002007,976
2025-12-01,HOCK7633A6,90002007,1948
2025-12-01,HOCK8B52CE,90002007,1477
2025-12-01,HOCK538334,90002007,1751
2025-12-01,HOCK385D92,90002007,2051
2025-12-01,HOCKF950D4,90002007,1983
2025-12-01,HOCK16E55F,90002007,2043
2025-12-01,HOCK02DA3C,90002007,972
2025-12-01,HOCK98DB22,90002007,1220
2025-12-01,HOCKCE879E,90002007,621
2025-12-01,HOCK372046,90002007,1255
2025-12-01,HOCKF6D4C2,90002007,1276
2025-12-01,HOCK7270D1,90002007,2017
2025-12-01,HOCK64B186,90002007,1130
2025-12-01,HOCK2841E6,90002007,1310
2025-12-01,HOCK2101AF,90002007,570
2025-12-01,HOCKDB62E7,90002007,1156
2025-12-01,HOCKA7A3B4,90002007,1764
2025-12-01,HOCKD69383,90002007,1297
2025-12-01,HOCK97883A,90002007,244
2025-12-01,HOCK55A6B5,90002007,304
2025-12-01,HOCK7A3D0A,90002007,1880
2025-12-01,HOCK76C189,90002007,1482
2025-12-01,HOCK8DF8D8,90002007,398
2025-12-01,HOCK19DC2D,90002007,1357
2025-12-01,HOCKAEA857,90002007,1811
2025-12-01,HOCK55BF8F,90002007,766
2025-12-01,HOCKA76614,90002007,672
2025-12-01,HOCK2D7B61,90002007,1542
2025-12-01,HOCKC6150F,90002007,629
2025-12-01,CYCLDE0772,90002007,1798
2025-12-01,CYCLBD7368,90002007,565
2025-12-01,CYCL9F921D,90002007,1957
2025-12-01,CYCL8D32DD,90002007,707
2025-12-01,CYCL903AF1,90002007,1948
2025-12-01,CYCLB9F510,90002007,1542
2025-12-01,CYCL3A3BA9,90002007,878
2025-12-01,CYCL28EDD2,90002007,1717
2025-12-01,CYCL8D92F6,90002007,2038
2025-12-01,CYCLA4B3CA,90002007,2043
2025-12-01,FISHE20FE7,90002007,1032
2025-12-01,FISH435E84,90002007,1880
2025-12-01,FISHF83738,90002007,916
2025-12-01,FISHC4F1E3,90002007,1062
2025-12-01,FISH9C6E1A,90002007,560
2025-12-01,FISH9DCA51,90002007,1092
2025-12-01,FISHA6E17F,90002007,963
2025-12-01,SOCCDA10C6,90002007,1245
2025-12-01,SOCC8B25BD,90002007,1743
2025-12-01,SOCCBCD3A9,90002007,1564
2025-12-01,SOCCC865F3,90002007,601
2025-12-01,SOCC9DB3E4,90002007,1169
2025-12-01,SOCCB533BF,90002007,1850
2025-12-01,SOCC80D996,90002007,933
2025-12-01,SOCC0CD3DE,90002007,426
2025-12-01,SOCC528FB5,90002007,708
2025-12-01,SOCC86D9A9,90002007,1325
2025-12-01,SOCC0E544D,90002007,952
2025-12-01,SOCCF63A17,90002007,708
2025-12-01,SOCC93E2C6,90002007,1054
2025-12-01,SOCC2BAAAD,90002007,457
2025-12-01,SOCC9B3291,90002007,1248
2025-12-01,SOCC7DA9E9,90002007,324
2025-12-01,SOCC6681B1,90002007,1515
2025-12-01,SOCC2271DD,90002007,609
2025-12-01,SOCC614FC7,90002007,232
2025-12-01,SOCC41CE85,90002007,712
2025-12-01,SOCCC136F5,90002007,312
2025-12-01,SOCCBF1E0A,90002007,480
2025-12-01,SOCCDD733E,90002007,1846
2025-12-01,SOCCCC8143,90002007,476
2025-12-01,SOCCE19E1A,90002007,841
2025-12-01,SOCC3DC7AC,90002007,1412
2025-12-01,SOCCE1C418,90002007,312
2025-12-01,SOCC595ABB,90002007,1679
2025-12-01,SOCCB792C1,90002007,1606
2025-12-01,SOCC5F7FD6,90002007,301
2025-12-01,SOCC347728,90002007,788
2025-12-01,SOCCFD98D3,90002007,1621
2025-12-01,SOCC75A7DE,90002007,1309
2025-12-01,SOCC5FB337,90002007,1530
2025-12-01,SOCCAFD990,90002007,1785
2025-12-01,SOCC9B1B1E,90002007,1317
2025-12-01,SOCCABBA46,90002007,894
2025-12-01,SOCCEC0AEA,90002007,1675
2025-12-01,SOCCF21535,90002007,506
2025-12-01,SOCC1E3E32,90002007,1465
2025-12-01,SOCC71C831,90002007,1313
2025-12-01,SOCC7EB7BC,90002007,1321
2025-12-01,SOCC17860D,90002007,1774
2025-12-01,SOCC63FDD7,90002007,1660
2025-12-01,SOCCFCA276,90002007,359
2025-12-01,SOCCD3B001,90002007,1293
2025-12-01,SOCC65813B,90002007,1301
2025-12-01,SOCC4A3199,90002007,800
2025-12-01,SOCC424157,90002007,1746
2025-12-01,SOCC67945A,90002007,1340
2025-12-01,SOCCAB35F3,90002007,382
2025-12-01,SOCC489639,90002007,1478
2025-12-01,HNDLA1722E,90002007,1336
2025-12-01,HNDL03C073,90002007,221
2025-12-01,HNDL9B1B7D,90002007,1009
2025-12-01,HNDLB5AAA4,90002007,1522
2025-12-01,HNDLCD10B6,90002007,1514
2025-12-01,HIKA1D299,90002007,997
2025-12-01,HIK8D130E,90002007,231
2025-12-01,HIK551B1C,90002007,121
2025-12-01,HIKC3460C,90002007,156
2025-12-01,HIKF7229D,90002007,156
2025-12-01,HIK070F0B,90002007,219
2025-12-01,HIKCAC6DD,90002007,98
2025-12-01,HIK77A350,90002007,133
2025-12-01,HIK1EDFAB,90002007,121
2025-12-01,HIK36B5E7,90002007,78
2025-12-01,HIK3D8B94,90002007,149
2025-12-01,HIKBE06F0,90002007,231
2025-12-01,HIKD4C3B1,90002007,137
2025-12-01,HIK477AAF,90002007,47
2025-12-01,HIK3DF988,90002007,168
2025-12-01,HIKD36FFD,90002007,141
2025-12-01,HIKFE5678,90002007,168
2025-12-01,HIKF1C8B8,90002007,78
2025-12-01,HIKC8C113,90002007,109
2025-12-01,HIK122A22,90002007,129
2025-12-01,HIKAD4D17,90002007,180
2025-12-01,HORSE77A541,90002007,129
2025-12-01,HORSE2EEE60,90002007,215
2025-12-01,HORSE3B12B0,90002007,141
2025-12-01,HORSEAE5456,90002007,74
2025-12-01,HORSEB0E845,90002007,199
2025-12-01,HORSE63358C,90002007,98
2025-12-01,HORSEEB0E93,90002007,203
2025-12-01,HORSEE8A02C,90002007,195
2025-12-01,HORSE32EC33,90002007,90
2025-12-01,HORSE2CAEAB,90002007,102
2025-12-01,RACKD4E78B,90002007,78
2025-12-01,RACK105320,90002007,117
2025-12-01,RACK66912E,90002007,152
2025-12-01,RACKFDE19F,90002007,59
2025-12-01,RACK435CCD,90002007,164
2025-12-01,RACK3489DB,90002007,164
2025-12-01,RACK82A423,90002007,227
2025-12-01,RACK5D92A1,90002007,149
2025-12-01,RACK69205F,90002007,55
2025-12-01,ROCKC708F5,90002007,113
2025-12-01,ROCKD798F6,90002007,109
2025-12-01,ROCKF69138,90002007,117
2025-12-01,ROCK9DEEFF,90002007,98
2025-12-01,ROCKED21EA,90002007,176
2025-12-01,ROCKCC3BF4,90002007,176
2025-12-01,ROCK0F8FA1,90002007,164
2025-12-01,ROCK3F43FF,90002007,86
2025-12-01,ROCK32D5D0,90002007,215
2025-12-01,RUN2FE4D5,90002007,86
2025-12-01,RUNCF8C32,90002007,234
2025-12-01,RUNC06D4D,90002007,43
2025-12-01,RUNE665CD,90002007,207
2025-12-01,RUN6AA3AE,90002007,145
2025-12-01,RUND54C0F,90002007,78
2025-12-01,RUNA56979,90002007,74
2025-12-01,RUND6A4A7,90002007,70
2025-12-01,RUND5648C,90002007,219
2025-12-01,RUND03BFE,90002007,263
2025-12-01,RUND9B589,90002007,185
2025-12-01,RUN6DCFAC,90002007,203
2025-12-01,RUN1AB696,90002007,60
2025-12-01,RUN4820EF,90002007,213
2025-12-01,RUN339949,90002007,55
2025-12-01,RUN10A073,90002007,273
2025-12-01,RUNB90BB2,90002007,226
2025-12-01,RUN785BD8,90002007,171
2025-12-01,RUN51B03C,90002007,143
2025-12-01,RUN1D0017,90002007,162
2025-12-01,RUN192A50,90002007,83
2025-12-01,RUN5C06BF,90002007,65
2025-12-01,RUNEBBF53,90002007,180
2025-12-01,RUN907813,90002007,55
2025-12-01,SKATCB097A,90002007,208
2025-12-01,SKAT407D01,90002007,88
2025-12-01,SKAT8BFE91,90002007,259
2025-12-01,SKAT47003B,90002007,213
2025-12-01,SKAT24B8F2,90002007,83
2025-12-01,SKAT8A94D3,90002007,176
2025-12-01,SKATC23D72,90002007,162
2025-12-01,SQUA4C7DCE,90002007,139
2025-12-01,SQUA99D795,90002007,88
2025-12-01,SQUA160B6F,90002007,213
2025-12-01,SQUAA3B44A,90002007,240
2025-12-01,SQUA84B377,90002007,190
2025-12-01,SQUA732DF1,90002007,54
2025-12-01,SQUA22F29D,90002007,131
2025-12-01,SQUA82575A,90002007,262
2025-12-01,SURF56D4BF,90002007,181
2025-12-01,SURF2EBCCA,90002007,267
2025-12-01,SURF8627B1,90002007,140
2025-12-01,SURF7A248A,90002007,271
2025-12-01,SURF60F2D1,90002007,122
2025-12-01,SURFE9DE14,90002007,131
2025-12-01,SURFEB883D,90002007,81
2025-12-01,SURFF237F1,90002007,127
2025-12-01,SURF69CACC,90002007,118
2025-12-01,SWIM8BE666,90002007,54
2025-12-01,SWIM0619EB,90002007,118
2025-12-01,SWIMCA28CC,90002007,249
2025-12-01,SWIM3B2B99,90002007,154
2025-12-01,SWIM4F5CDD,90002007,63
2025-12-01,SWIMB4058D,90002007,231
2025-12-01,SWIM139E14,90002007,118
2025-12-01,SWIME2E04A,90002007,59
2025-12-01,SWIMBAC8EE,90002007,68
2025-12-01,SWIM2785E8,90002007,221
2025-12-01,SWIM8D675F,90002007,136
2025-12-01,SWIM98EEF3,90002007,140
2025-12-01,SWIM9CB0C3,90002007,90
2025-12-01,SWIM3BD53D,90002007,104
2025-12-01,SWIM684A76,90002007,244
2025-12-01,SWIM1E7A6B,90002007,240
2025-12-01,TTEN18B609,90002007,136
2025-12-01,TTEND5F06B,90002007,199
2025-12-01,TTENB506A5,90002007,208
2025-12-01,TTEND35118,90002007,113
2025-12-01,TTEN2C5F16,90002007,167
2025-12-01,TTENE14F77,90002007,190
2025-12-01,TTEN658069,90002007,217
2025-12-01,TTEN204A0C,90002007,60
2025-12-01,TTEN99E28C,90002007,217
2025-12-01,TTENE352A9,90002007,263
2025-12-01,GAMES594E41,90002007,226
2025-12-01,GAMES78D8F4,90002007,189
2025-12-01,GAMES0B9C36,90002007,51
2025-12-01,GAMESA7F5F8,90002007,199
2025-12-01,GAMES55E6CB,90002007,185
2025-12-01,GAMES62C38E,90002007,92
2025-12-01,GAMES5EF6E3,90002007,51
2025-12-01,TENN1ADD96,90002007,208
2025-12-01,TENN32F2C2,90002007,125
2025-12-01,TENN11B50C,90002007,189
2025-12-01,TENN6E46CF,90002007,45
2025-12-01,TENN6AD4AC,90002007,49
2025-12-01,TENNDCCD5A,90002007,169
2025-12-01,TENN514228,90002007,115
2025-12-01,TENN0CFFE7,90002007,95
2025-12-01,TENN391CEF,90002007,185
2025-12-01,TENN151AB9,90002007,103
2025-12-01,TENN3F4E67,90002007,144
2025-12-01,TENNF49374,90002007,160
2025-12-01,TENN0B614F,90002007,115
2025-12-01,TENN4AEBA0,90002007,181
2025-12-01,TENN506041,90002007,78
2025-12-01,TENN6C0BC2,90002007,230
2025-12-01,VOLLF0E251,90002007,193
2025-12-01,VOLLA6AAB1,90002007,498
2025-12-01,VOLLF5D4E6,90002007,1049
2025-12-01,VOLLEEC6A4,90002007,1675
2025-12-01,VOLL56AE91,90002007,779
2025-12-01,VOLLDDFCD0,90002007,1306
2025-12-01,VOLL4B8018,90002007,249
2025-12-01,WLFT9CBF85,90002007,1298
2025-12-01,WLFTB0B8BE,90002007,344
2025-12-01,WLFT5DC367,90002007,958
2025-12-01,WLFT1704AC,90002007,779
2025-12-01,WLFT053057,90002007,232
2025-12-01,WLFT79618A,90002007,1157
2025-12-01,WLFTAE945F,90002007,444
2025-12-01,WLFTB7DF2B,90002007,1298
2025-12-01,WLFT52B261,90002007,1681
2025-12-01,WLFT296A48,90002007,547
2025-12-01,WLFT7AD84A,90002007,547
2025-12-01,YOGA1B22A2,90002007,534
2025-12-01,YOGA6FA844,90002007,1441
2025-12-01,YOGAA7E602,90002007,355
2025-12-01,YOGA46952D,90002007,780
2025-12-01,YOGA80ED66,90002007,789
2025-12-01,YOGA465ABE,90002007,1086
2025-12-01,ARCHAFF0E4,90002008,1825
2025-12-01,ARCH6B94F7,90002008,1132
2025-12-01,ARCH5D1FE7,90002008,1428
2025-12-01,ARCH7B49A9,90002008,1553
2025-12-01,ARCH497D34,90002008,2424
2025-12-01,ARCHE71D79,90002008,1126
2025-12-01,ARCHDD8749,90002008,2946
2025-12-01,BADMC045D4,90002008,439
2025-12-01,BADM4BAB38,90002008,2109
2025-12-01,BADMDC6AB1,90002008,3388
2025-12-01,BADM50C510,90002008,2702
2025-12-01,BADM2459FB,90002008,3037
2025-12-01,BADME151E6,90002008,3205
2025-12-01,BADMDA5EC8,90002008,396
2025-12-01,BADM48A260,90002008,3601
2025-12-01,BADM8FFE12,90002008,1302
2025-12-01,BADM1B8332,90002008,2337
2025-12-01,BADM7E90FB,90002008,1873
2025-12-01,BASK7F5383,90002008,3251
2025-12-01,BASKEE612D,90002008,2916
2025-12-01,BASK4C69DF,90002008,2390
2025-12-01,BASK9E4294,90002008,2938
2025-12-01,BASKEE32E4,90002008,1515
2025-12-01,BASKE57A19,90002008,2718
2025-12-01,BASK728A58,90002008,1964
2025-12-01,BASKED86BF,90002008,2763
2025-12-01,BASK32528E,90002008,2284
2025-12-01,BASK984F74,90002008,2885
2025-12-01,BOX8606F7,90002008,1484
2025-12-01,BOXD26891,90002008,2543
2025-12-01,BOX17AD9F,90002008,2307
2025-12-01,BOXB9DCC6,90002008,2527
2025-12-01,BOX3DC0E4,90002008,1302
2025-12-01,BOX381514,90002008,1827
2025-12-01,BOX386644,90002008,3654
2025-12-01,BOX3A9CA9,90002008,1302
2025-12-01,BOXB0228B,90002008,3167
2025-12-01,CAMP7A5E65,90002008,390
2025-12-01,CAMP69AF0F,90002008,2244
2025-12-01,CAMP10C410,90002008,3167
2025-12-01,CAMPECAADE,90002008,1876
2025-12-01,CAMPF24336,90002008,848
2025-12-01,CAMPE624C8,90002008,1958
2025-12-01,CAMP11E3FA,90002008,1756
2025-12-01,CAMPCB6B05,90002008,1388
2025-12-01,CAMPDFA679,90002008,2589
2025-12-01,CAMP4005E6,90002008,2454
2025-12-01,CAMPD5615D,90002008,1005
2025-12-01,HOCKA1EEE0,90002008,2851
2025-12-01,HOCK7723F0,90002008,2259
2025-12-01,HOCK97BE68,90002008,488
2025-12-01,HOCK2716B4,90002008,2499
2025-12-01,HOCK05FECB,90002008,350
2025-12-01,HOCK681856,90002008,1980
2025-12-01,HOCKBBFD56,90002008,427
2025-12-01,HOCK57FB52,90002008,2477
2025-12-01,HOCK294CD6,90002008,2815
2025-12-01,HOCK892BAA,90002008,2679
2025-12-01,HOCK2AE4DF,90002008,1962
2025-12-01,HOCKC0D928,90002008,2507
2025-12-01,HOCK341BC8,90002008,2762
2025-12-01,HOCKB9EBFF,90002008,2068
2025-12-01,HOCK5B2A0F,90002008,2353
2025-12-01,HOCK2D3CF5,90002008,385
2025-12-01,HOCKC6CF02,90002008,1328
2025-12-01,HOCKA7893F,90002008,1873
2025-12-01,HOCKA5001D,90002008,2306
2025-12-01,HOCK94FE34,90002008,1565
2025-12-01,HOCK35B3C7,90002008,507
2025-12-01,HOCK462BA5,90002008,2309
2025-12-01,HOCKBDB8DA,90002008,2103
2025-12-01,HOCK1BA87E,90002008,925
2025-12-01,HOCK7633A6,90002008,3056
2025-12-01,HOCK8B52CE,90002008,2686
2025-12-01,HOCK538334,90002008,2597
2025-12-01,HOCK385D92,90002008,3213
2025-12-01,HOCKF950D4,90002008,1521
2025-12-01,HOCK16E55F,90002008,2172
2025-12-01,HOCK02DA3C,90002008,1761
2025-12-01,HOCK98DB22,90002008,781
2025-12-01,HOCKCE879E,90002008,2357
2025-12-01,HOCK372046,90002008,2090
2025-12-01,HOCKF6D4C2,90002008,3371
2025-12-01,HOCK7270D1,90002008,1535
2025-12-01,HOCK64B186,90002008,2775
2025-12-01,HOCK2841E6,90002008,2795
2025-12-01,HOCK2101AF,90002008,2001
2025-12-01,HOCKDB62E7,90002008,2418
2025-12-01,HOCKA7A3B4,90002008,596
2025-12-01,HOCKD69383,90002008,3275
2025-12-01,HOCK97883A,90002008,774
2025-12-01,HOCK55A6B5,90002008,2603
2025-12-01,HOCK7A3D0A,90002008,2850
2025-12-01,HOCK76C189,90002008,2919
2025-12-01,HOCK8DF8D8,90002008,1124
2025-12-01,HOCK19DC2D,90002008,2521
2025-12-01,HOCKAEA857,90002008,939
2025-12-01,HOCK55BF8F,90002008,898
2025-12-01,HOCKA76614,90002008,2049
2025-12-01,HOCK2D7B61,90002008,3199
2025-12-01,HOCKC6150F,90002008,1288
2025-12-01,CYCLDE0772,90002008,2672
2025-12-01,CYCLBD7368,90002008,2884
2025-12-01,CYCL9F921D,90002008,2391
2025-12-01,CYCL8D32DD,90002008,2555
2025-12-01,CYCL903AF1,90002008,2254
2025-12-01,CYCLB9F510,90002008,2699
2025-12-01,CYCL3A3BA9,90002008,2302
2025-12-01,CYCL28EDD2,90002008,3378
2025-12-01,CYCL8D92F6,90002008,3426
2025-12-01,CYCLA4B3CA,90002008,2384
2025-12-01,FISHE20FE7,90002008,2131
2025-12-01,FISH435E84,90002008,3343
2025-12-01,FISHF83738,90002008,3316
2025-12-01,FISHC4F1E3,90002008,560
2025-12-01,FISH9C6E1A,90002008,2862
2025-12-01,FISH9DCA51,90002008,1876
2025-12-01,FISHA6E17F,90002008,1559
2025-12-01,SOCCDA10C6,90002008,2680
2025-12-01,SOCC8B25BD,90002008,1218
2025-12-01,SOCCBCD3A9,90002008,2473
2025-12-01,SOCCC865F3,90002008,652
2025-12-01,SOCC9DB3E4,90002008,749
2025-12-01,SOCCB533BF,90002008,2734
2025-12-01,SOCC80D996,90002008,3027
2025-12-01,SOCC0CD3DE,90002008,2588
2025-12-01,SOCC528FB5,90002008,396
2025-12-01,SOCC86D9A9,90002008,2704
2025-12-01,SOCC0E544D,90002008,1169
2025-12-01,SOCCF63A17,90002008,3021
2025-12-01,SOCC93E2C6,90002008,1985
2025-12-01,SOCC2BAAAD,90002008,2466
2025-12-01,SOCC9B3291,90002008,3008
2025-12-01,SOCC7DA9E9,90002008,828
2025-12-01,SOCC6681B1,90002008,1175
2025-12-01,SOCC2271DD,90002008,877
2025-12-01,SOCC614FC7,90002008,1449
2025-12-01,SOCC41CE85,90002008,2150
2025-12-01,SOCCC136F5,90002008,1029
2025-12-01,SOCCBF1E0A,90002008,706
2025-12-01,SOCCDD733E,90002008,749
2025-12-01,SOCCCC8143,90002008,1967
2025-12-01,SOCCE19E1A,90002008,2948
2025-12-01,SOCC3DC7AC,90002008,761
2025-12-01,SOCCE1C418,90002008,1206
2025-12-01,SOCC595ABB,90002008,731
2025-12-01,SOCCB792C1,90002008,2753
2025-12-01,SOCC5F7FD6,90002008,1291
2025-12-01,SOCC347728,90002008,2929
2025-12-01,SOCCFD98D3,90002008,1882
2025-12-01,SOCC75A7DE,90002008,1943
2025-12-01,SOCC5FB337,90002008,865
2025-12-01,SOCCAFD990,90002008,1108
2025-12-01,SOCC9B1B1E,90002008,1705
2025-12-01,SOCCABBA46,90002008,889
2025-12-01,SOCCEC0AEA,90002008,1845
2025-12-01,SOCCF21535,90002008,1967
2025-12-01,SOCC1E3E32,90002008,1547
2025-12-01,SOCC71C831,90002008,2673
2025-12-01,SOCC7EB7BC,90002008,2870
2025-12-01,SOCC17860D,90002008,2744
2025-12-01,SOCC63FDD7,90002008,1489
2025-12-01,SOCCFCA276,90002008,2807
2025-12-01,SOCCD3B001,90002008,1848
2025-12-01,SOCC65813B,90002008,1261
2025-12-01,SOCC4A3199,90002008,2655
2025-12-01,SOCC424157,90002008,2548
2025-12-01,SOCC67945A,90002008,606
2025-12-01,SOCCAB35F3,90002008,1400
2025-12-01,SOCC489639,90002008,990
2025-12-01,HNDLA1722E,90002008,2662
2025-12-01,HNDL03C073,90002008,1501
2025-12-01,HNDL9B1B7D,90002008,2920
2025-12-01,HNDLB5AAA4,90002008,706
2025-12-01,HNDLCD10B6,90002008,2952
2025-12-01,HIKA1D299,90002008,1709
2025-12-01,HIK8D130E,90002008,163
2025-12-01,HIK551B1C,90002008,175
2025-12-01,HIKC3460C,90002008,256
2025-12-01,HIKF7229D,90002008,238
2025-12-01,HIK070F0B,90002008,231
2025-12-01,HIKCAC6DD,90002008,363
2025-12-01,HIK77A350,90002008,256
2025-12-01,HIK1EDFAB,90002008,306
2025-12-01,HIK36B5E7,90002008,294
2025-12-01,HIK3D8B94,90002008,181
2025-12-01,HIKBE06F0,90002008,294
2025-12-01,HIKD4C3B1,90002008,269
2025-12-01,HIK477AAF,90002008,100
2025-12-01,HIK3DF988,90002008,281
2025-12-01,HIKD36FFD,90002008,138
2025-12-01,HIKFE5678,90002008,288
2025-12-01,HIKF1C8B8,90002008,288
2025-12-01,HIKC8C113,90002008,231
2025-12-01,HIK122A22,90002008,125
2025-12-01,HIKAD4D17,90002008,113
2025-12-01,HORSE77A541,90002008,231
2025-12-01,HORSE2EEE60,90002008,119
2025-12-01,HORSE3B12B0,90002008,256
2025-12-01,HORSEAE5456,90002008,306
2025-12-01,HORSEB0E845,90002008,63
2025-12-01,HORSE63358C,90002008,338
2025-12-01,HORSEEB0E93,90002008,375
2025-12-01,HORSEE8A02C,90002008,75
2025-12-01,HORSE32EC33,90002008,344
2025-12-01,HORSE2CAEAB,90002008,88
2025-12-01,RACKD4E78B,90002008,163
2025-12-01,RACK105320,90002008,331
2025-12-01,RACK66912E,90002008,69
2025-12-01,RACKFDE19F,90002008,256
2025-12-01,RACK435CCD,90002008,300
2025-12-01,RACK3489DB,90002008,131
2025-12-01,RACK82A423,90002008,188
2025-12-01,RACK5D92A1,90002008,225
2025-12-01,RACK69205F,90002008,219
2025-12-01,ROCKC708F5,90002008,94
2025-12-01,ROCKD798F6,90002008,275
2025-12-01,ROCKF69138,90002008,125
2025-12-01,ROCK9DEEFF,90002008,169
2025-12-01,ROCKED21EA,90002008,213
2025-12-01,ROCKCC3BF4,90002008,313
2025-12-01,ROCK0F8FA1,90002008,138
2025-12-01,ROCK3F43FF,90002008,88
2025-12-01,ROCK32D5D0,90002008,188
2025-12-01,RUN2FE4D5,90002008,88
2025-12-01,RUNCF8C32,90002008,325
2025-12-01,RUNC06D4D,90002008,250
2025-12-01,RUNE665CD,90002008,119
2025-12-01,RUN6AA3AE,90002008,113
2025-12-01,RUND54C0F,90002008,238
2025-12-01,RUNA56979,90002008,150
2025-12-01,RUND6A4A7,90002008,131
2025-12-01,RUND5648C,90002008,138
2025-12-01,RUND03BFE,90002008,259
2025-12-01,RUND9B589,90002008,81
2025-12-01,RUN6DCFAC,90002008,355
2025-12-01,RUN1AB696,90002008,133
2025-12-01,RUN4820EF,90002008,274
2025-12-01,RUN339949,90002008,207
2025-12-01,RUN10A073,90002008,148
2025-12-01,RUNB90BB2,90002008,348
2025-12-01,RUN785BD8,90002008,303
2025-12-01,RUN51B03C,90002008,155
2025-12-01,RUN1D0017,90002008,185
2025-12-01,RUN192A50,90002008,148
2025-12-01,RUN5C06BF,90002008,214
2025-12-01,RUNEBBF53,90002008,177
2025-12-01,RUN907813,90002008,288
2025-12-01,SKATCB097A,90002008,141
2025-12-01,SKAT407D01,90002008,266
2025-12-01,SKAT8BFE91,90002008,274
2025-12-01,SKAT47003B,90002008,296
2025-12-01,SKAT24B8F2,90002008,244
2025-12-01,SKAT8A94D3,90002008,333
2025-12-01,SKATC23D72,90002008,81
2025-12-01,SQUA4C7DCE,90002008,370
2025-12-01,SQUA99D795,90002008,399
2025-12-01,SQUA160B6F,90002008,200
2025-12-01,SQUAA3B44A,90002008,155
2025-12-01,SQUA84B377,90002008,398
2025-12-01,SQUA732DF1,90002008,405
2025-12-01,SQUA22F29D,90002008,87
2025-12-01,SQUA82575A,90002008,159
2025-12-01,SURF56D4BF,90002008,260
2025-12-01,SURF2EBCCA,90002008,325
2025-12-01,SURF8627B1,90002008,87
2025-12-01,SURF7A248A,90002008,159
2025-12-01,SURF60F2D1,90002008,166
2025-12-01,SURFE9DE14,90002008,80
2025-12-01,SURFEB883D,90002008,137
2025-12-01,SURFF237F1,90002008,239
2025-12-01,SURF69CACC,90002008,391
2025-12-01,SWIM8BE666,90002008,94
2025-12-01,SWIM0619EB,90002008,202
2025-12-01,SWIMCA28CC,90002008,80
2025-12-01,SWIM3B2B99,90002008,347
2025-12-01,SWIM4F5CDD,90002008,72
2025-12-01,SWIMB4058D,90002008,347
2025-12-01,SWIM139E14,90002008,202
2025-12-01,SWIME2E04A,90002008,383
2025-12-01,SWIMBAC8EE,90002008,137
2025-12-01,SWIM2785E8,90002008,289
2025-12-01,SWIM8D675F,90002008,152
2025-12-01,SWIM98EEF3,90002008,354
2025-12-01,SWIM9CB0C3,90002008,347
2025-12-01,SWIM3BD53D,90002008,239
2025-12-01,SWIM684A76,90002008,325
2025-12-01,SWIM1E7A6B,90002008,333
2025-12-01,TTEN18B609,90002008,174
2025-12-01,TTEND5F06B,90002008,116
2025-12-01,TTENB506A5,90002008,195
2025-12-01,TTEND35118,90002008,137
2025-12-01,TTEN2C5F16,90002008,202
2025-12-01,TTENE14F77,90002008,297
2025-12-01,TTEN658069,90002008,251
2025-12-01,TTEN204A0C,90002008,281
2025-12-01,TTEN99E28C,90002008,333
2025-12-01,TTENE352A9,90002008,362
2025-12-01,GAMES594E41,90002008,333
2025-12-01,GAMES78D8F4,90002008,192
2025-12-01,GAMES0B9C36,90002008,104
2025-12-01,GAMESA7F5F8,90002008,141
2025-12-01,GAMES55E6CB,90002008,407
2025-12-01,GAMES62C38E,90002008,251
2025-12-01,GAMES5EF6E3,90002008,348
2025-12-01,TENN1ADD96,90002008,429
2025-12-01,TENN32F2C2,90002008,288
2025-12-01,TENN11B50C,90002008,281
2025-12-01,TENN6E46CF,90002008,342
2025-12-01,TENN6AD4AC,90002008,349
2025-12-01,TENNDCCD5A,90002008,132
2025-12-01,TENN514228,90002008,145
2025-12-01,TENN0CFFE7,90002008,349
2025-12-01,TENN391CEF,90002008,99
2025-12-01,TENN151AB9,90002008,145
2025-12-01,TENN3F4E67,90002008,296
2025-12-01,TENNF49374,90002008,132
2025-12-01,TENN0B614F,90002008,158
2025-12-01,TENN4AEBA0,90002008,230
2025-12-01,TENN506041,90002008,382
2025-12-01,TENN6C0BC2,90002008,105
2025-12-01,VOLLF0E251,90002008,99
2025-12-01,VOLLA6AAB1,90002008,942
2025-12-01,VOLLF5D4E6,90002008,498
2025-12-01,VOLLEEC6A4,90002008,1645
2025-12-01,VOLL56AE91,90002008,3105
2025-12-01,VOLLDDFCD0,90002008,988
2025-12-01,VOLL4B8018,90002008,1254
2025-12-01,WLFT9CBF85,90002008,1240
2025-12-01,WLFTB0B8BE,90002008,2050
2025-12-01,WLFT5DC367,90002008,531
2025-12-01,WLFT1704AC,90002008,2123
2025-12-01,WLFT053057,90002008,1446
2025-12-01,WLFT79618A,90002008,1446
2025-12-01,WLFTAE945F,90002008,2634
2025-12-01,WLFTB7DF2B,90002008,431
2025-12-01,WLFT52B261,90002008,2520
2025-12-01,WLFT296A48,90002008,2770
2025-12-01,WLFT7AD84A,90002008,2726
2025-12-01,YOGA1B22A2,90002008,592
2025-12-01,YOGA6FA844,90002008,407
2025-12-01,YOGAA7E602,90002008,2001
2025-12-01,YOGA46952D,90002008,342
2025-12-01,YOGA80ED66,90002008,277
2025-12-01,YOGA465ABE,90002008,2089
2025-12-01,ARCHAFF0E4,90002010,1352
2025-12-01,ARCH6B94F7,90002010,1456
2025-12-01,ARCH5D1FE7,90002010,1300
2025-12-01,ARCH7B49A9,90002010,293
2025-12-01,ARCH497D34,90002010,441
2025-12-01,ARCHE71D79,90002010,552
2025-12-01,ARCHDD8749,90002010,1389
2025-12-01,BADMC045D4,90002010,1285
2025-12-01,BADM4BAB38,90002010,1475
2025-12-01,BADMDC6AB1,90002010,2008
2025-12-01,BADM50C510,90002010,1213
2025-12-01,BADM2459FB,90002010,1461
2025-12-01,BADME151E6,90002010,2160
2025-12-01,BADMDA5EC8,90002010,1689
2025-12-01,BADM48A260,90002010,1627
2025-12-01,BADM8FFE12,90002010,1489
2025-12-01,BADM1B8332,90002010,1342
2025-12-01,BADM7E90FB,90002010,899
2025-12-01,BASK7F5383,90002010,1979
2025-12-01,BASKEE612D,90002010,1542
2025-12-01,BASK4C69DF,90002010,2227
2025-12-01,BASK9E4294,90002010,1270
2025-12-01,BASKEE32E4,90002010,2189
2025-12-01,BASKE57A19,90002010,2055
2025-12-01,BASK728A58,90002010,2360
2025-12-01,BASKED86BF,90002010,338
2025-12-01,BASK32528E,90002010,1817
2025-12-01,BASK984F74,90002010,966
2025-12-01,BOX8606F7,90002010,2074
2025-12-01,BOXD26891,90002010,1641
2025-12-01,BOX17AD9F,90002010,2141
2025-12-01,BOXB9DCC6,90002010,638
2025-12-01,BOX3DC0E4,90002010,2032
2025-12-01,BOX381514,90002010,1951
2025-12-01,BOX386644,90002010,2250
2025-12-01,BOX3A9CA9,90002010,2212
2025-12-01,BOXB0228B,90002010,1670
2025-12-01,CAMP7A5E65,90002010,703
2025-12-01,CAMP69AF0F,90002010,994
2025-12-01,CAMP10C410,90002010,497
2025-12-01,CAMPECAADE,90002010,567
2025-12-01,CAMPF24336,90002010,703
2025-12-01,CAMPE624C8,90002010,1412
2025-12-01,CAMP11E3FA,90002010,1229
2025-12-01,CAMPCB6B05,90002010,1759
2025-12-01,CAMPDFA679,90002010,1482
2025-12-01,CAMP4005E6,90002010,2045
2025-12-01,CAMPD5615D,90002010,708
2025-12-01,HOCKA1EEE0,90002010,286
2025-12-01,HOCK7723F0,90002010,1454
2025-12-01,HOCK97BE68,90002010,1604
2025-12-01,HOCK2716B4,90002010,1051
2025-12-01,HOCK05FECB,90002010,1174
2025-12-01,HOCK681856,90002010,1174
2025-12-01,HOCKBBFD56,90002010,1626
2025-12-01,HOCK57FB52,90002010,385
2025-12-01,HOCK294CD6,90002010,1608
2025-12-01,HOCK892BAA,90002010,437
2025-12-01,HOCK2AE4DF,90002010,1763
2025-12-01,HOCKC0D928,90002010,1196
2025-12-01,HOCK341BC8,90002010,1830
2025-12-01,HOCKB9EBFF,90002010,933
2025-12-01,HOCK5B2A0F,90002010,1178
2025-12-01,HOCK2D3CF5,90002010,800
2025-12-01,HOCKC6CF02,90002010,430
2025-12-01,HOCKA7893F,90002010,185
2025-12-01,HOCKA5001D,90002010,952
2025-12-01,HOCK94FE34,90002010,1741
2025-12-01,HOCK35B3C7,90002010,522
2025-12-01,HOCK462BA5,90002010,313
2025-12-01,HOCKBDB8DA,90002010,1803
2025-12-01,HOCK1BA87E,90002010,1512
2025-12-01,HOCK7633A6,90002010,1490
2025-12-01,HOCK8B52CE,90002010,1447
2025-12-01,HOCK538334,90002010,1533
2025-12-01,HOCK385D92,90002010,1083
2025-12-01,HOCKF950D4,90002010,1893
2025-12-01,HOCK16E55F,90002010,248
2025-12-01,HOCK02DA3C,90002010,488
2025-12-01,HOCK98DB22,90002010,2077
2025-12-01,HOCKCE879E,90002010,869
2025-12-01,HOCK372046,90002010,334
2025-12-01,HOCKF6D4C2,90002010,1781
2025-12-01,HOCK7270D1,90002010,1139
2025-12-01,HOCK64B186,90002010,295
2025-12-01,HOCK2841E6,90002010,1743
2025-12-01,HOCK2101AF,90002010,2098
2025-12-01,HOCKDB62E7,90002010,707
2025-12-01,HOCKA7A3B4,90002010,826
2025-12-01,HOCKD69383,90002010,874
2025-12-01,HOCK97883A,90002010,1965
2025-12-01,HOCK55A6B5,90002010,278
2025-12-01,HOCK7A3D0A,90002010,1760
2025-12-01,HOCK76C189,90002010,253
2025-12-01,HOCK8DF8D8,90002010,672
2025-12-01,HOCK19DC2D,90002010,1220
2025-12-01,HOCKAEA857,90002010,908
2025-12-01,HOCK55BF8F,90002010,351
2025-12-01,HOCKA76614,90002010,1139
2025-12-01,HOCK2D7B61,90002010,1636
2025-12-01,HOCKC6150F,90002010,2090
2025-12-01,CYCLDE0772,90002010,2043
2025-12-01,CYCLBD7368,90002010,1533
2025-12-01,CYCL9F921D,90002010,1229
2025-12-01,CYCL8D32DD,90002010,398
2025-12-01,CYCL903AF1,90002010,2034
2025-12-01,CYCLB9F510,90002010,1606
2025-12-01,CYCL3A3BA9,90002010,287
2025-12-01,CYCL28EDD2,90002010,1280
2025-12-01,CYCL8D92F6,90002010,1931
2025-12-01,CYCLA4B3CA,90002010,1991
2025-12-01,FISHE20FE7,90002010,1302
2025-12-01,FISH435E84,90002010,514
2025-12-01,FISHF83738,90002010,330
2025-12-01,FISHC4F1E3,90002010,491
2025-12-01,FISH9C6E1A,90002010,575
2025-12-01,FISH9DCA51,90002010,415
2025-12-01,FISHA6E17F,90002010,1857
2025-12-01,SOCCDA10C6,90002010,651
2025-12-01,SOCC8B25BD,90002010,1043
2025-12-01,SOCCBCD3A9,90002010,510
2025-12-01,SOCCC865F3,90002010,194
2025-12-01,SOCC9DB3E4,90002010,1625
2025-12-01,SOCCB533BF,90002010,285
2025-12-01,SOCC80D996,90002010,320
2025-12-01,SOCC0CD3DE,90002010,419
2025-12-01,SOCC528FB5,90002010,1610
2025-12-01,SOCC86D9A9,90002010,1568
2025-12-01,SOCC0E544D,90002010,776
2025-12-01,SOCCF63A17,90002010,731
2025-12-01,SOCC93E2C6,90002010,232
2025-12-01,SOCC2BAAAD,90002010,1119
2025-12-01,SOCC9B3291,90002010,1542
2025-12-01,SOCC7DA9E9,90002010,1888
2025-12-01,SOCC6681B1,90002010,1127
2025-12-01,SOCC2271DD,90002010,1519
2025-12-01,SOCC614FC7,90002010,411
2025-12-01,SOCC41CE85,90002010,1758
2025-12-01,SOCCC136F5,90002010,1671
2025-12-01,SOCCBF1E0A,90002010,628
2025-12-01,SOCCDD733E,90002010,639
2025-12-01,SOCCCC8143,90002010,506
2025-12-01,SOCCE19E1A,90002010,1549
2025-12-01,SOCC3DC7AC,90002010,487
2025-12-01,SOCCE1C418,90002010,1408
2025-12-01,SOCC595ABB,90002010,1724
2025-12-01,SOCCB792C1,90002010,940
2025-12-01,SOCC5F7FD6,90002010,891
2025-12-01,SOCC347728,90002010,1031
2025-12-01,SOCCFD98D3,90002010,1424
2025-12-01,SOCC75A7DE,90002010,1416
2025-12-01,SOCC5FB337,90002010,609
2025-12-01,SOCCAFD990,90002010,1191
2025-12-01,SOCC9B1B1E,90002010,1066
2025-12-01,SOCCABBA46,90002010,1302
2025-12-01,SOCCEC0AEA,90002010,419
2025-12-01,SOCCF21535,90002010,1195
2025-12-01,SOCC1E3E32,90002010,308
2025-12-01,SOCC71C831,90002010,1850
2025-12-01,SOCC7EB7BC,90002010,1163
2025-12-01,SOCC17860D,90002010,1671
2025-12-01,SOCC63FDD7,90002010,832
2025-12-01,SOCCFCA276,90002010,1368
2025-12-01,SOCCD3B001,90002010,658
2025-12-01,SOCC65813B,90002010,240
2025-12-01,SOCC4A3199,90002010,1222
2025-12-01,SOCC424157,90002010,828
2025-12-01,SOCC67945A,90002010,1092
2025-12-01,SOCCAB35F3,90002010,572
2025-12-01,SOCC489639,90002010,430
2025-12-01,HNDLA1722E,90002010,595
2025-12-01,HNDL03C073,90002010,1876
2025-12-01,HNDL9B1B7D,90002010,1707
2025-12-01,HNDLB5AAA4,90002010,1593
2025-12-01,HNDLCD10B6,90002010,1790
2025-12-01,HIKA1D299,90002010,1321
2025-12-01,HIK8D130E,90002010,66
2025-12-01,HIK551B1C,90002010,145
2025-12-01,HIKC3460C,90002010,86
2025-12-01,HIKF7229D,90002010,191
2025-12-01,HIK070F0B,90002010,74
2025-12-01,HIKCAC6DD,90002010,82
2025-12-01,HIK77A350,90002010,203
2025-12-01,HIK1EDFAB,90002010,63
2025-12-01,HIK36B5E7,90002010,149
2025-12-01,HIK3D8B94,90002010,133
2025-12-01,HIKBE06F0,90002010,43
2025-12-01,HIKD4C3B1,90002010,223
2025-12-01,HIK477AAF,90002010,90
2025-12-01,HIK3DF988,90002010,191
2025-12-01,HIKD36FFD,90002010,231
2025-12-01,HIKFE5678,90002010,184
2025-12-01,HIKF1C8B8,90002010,227
2025-12-01,HIKC8C113,90002010,164
2025-12-01,HIK122A22,90002010,70
2025-12-01,HIKAD4D17,90002010,117
2025-12-01,HORSE77A541,90002010,117
2025-12-01,HORSE2EEE60,90002010,188
2025-12-01,HORSE3B12B0,90002010,203
2025-12-01,HORSEAE5456,90002010,160
2025-12-01,HORSEB0E845,90002010,47
2025-12-01,HORSE63358C,90002010,106
2025-12-01,HORSEEB0E93,90002010,215
2025-12-01,HORSEE8A02C,90002010,164
2025-12-01,HORSE32EC33,90002010,180
2025-12-01,HORSE2CAEAB,90002010,94
2025-12-01,RACKD4E78B,90002010,86
2025-12-01,RACK105320,90002010,184
2025-12-01,RACK66912E,90002010,141
2025-12-01,RACKFDE19F,90002010,109
2025-12-01,RACK435CCD,90002010,55
2025-12-01,RACK3489DB,90002010,207
2025-12-01,RACK82A423,90002010,172
2025-12-01,RACK5D92A1,90002010,219
2025-12-01,RACK69205F,90002010,172
2025-12-01,ROCKC708F5,90002010,231
2025-12-01,ROCKD798F6,90002010,106
2025-12-01,ROCKF69138,90002010,70
2025-12-01,ROCK9DEEFF,90002010,176
2025-12-01,ROCKED21EA,90002010,176
2025-12-01,ROCKCC3BF4,90002010,234
2025-12-01,ROCK0F8FA1,90002010,117
2025-12-01,ROCK3F43FF,90002010,55
2025-12-01,ROCK32D5D0,90002010,156
2025-12-01,RUN2FE4D5,90002010,211
2025-12-01,RUNCF8C32,90002010,98
2025-12-01,RUNC06D4D,90002010,176
2025-12-01,RUNE665CD,90002010,180
2025-12-01,RUN6AA3AE,90002010,106
2025-12-01,RUND54C0F,90002010,191
2025-12-01,RUNA56979,90002010,191
2025-12-01,RUND6A4A7,90002010,113
2025-12-01,RUND5648C,90002010,207
2025-12-01,RUND03BFE,90002010,46
2025-12-01,RUND9B589,90002010,199
2025-12-01,RUN6DCFAC,90002010,129
2025-12-01,RUN1AB696,90002010,83
2025-12-01,RUN4820EF,90002010,236
2025-12-01,RUN339949,90002010,143
2025-12-01,RUN10A073,90002010,92
2025-12-01,RUNB90BB2,90002010,259
2025-12-01,RUN785BD8,90002010,139
2025-12-01,RUN51B03C,90002010,51
2025-12-01,RUN1D0017,90002010,125
2025-12-01,RUN192A50,90002010,55
2025-12-01,RUN5C06BF,90002010,69
2025-12-01,RUNEBBF53,90002010,189
2025-12-01,RUN907813,90002010,259
2025-12-01,SKATCB097A,90002010,254
2025-12-01,SKAT407D01,90002010,250
2025-12-01,SKAT8BFE91,90002010,69
2025-12-01,SKAT47003B,90002010,222
2025-12-01,SKAT24B8F2,90002010,199
2025-12-01,SKAT8A94D3,90002010,143
2025-12-01,SKATC23D72,90002010,51
2025-12-01,SQUA4C7DCE,90002010,268
2025-12-01,SQUA99D795,90002010,69
2025-12-01,SQUA160B6F,90002010,171
2025-12-01,SQUAA3B44A,90002010,83
2025-12-01,SQUA84B377,90002010,258
2025-12-01,SQUA732DF1,90002010,240
2025-12-01,SQUA22F29D,90002010,167
2025-12-01,SQUA82575A,90002010,86
2025-12-01,SURF56D4BF,90002010,244
2025-12-01,SURF2EBCCA,90002010,63
2025-12-01,SURF8627B1,90002010,262
2025-12-01,SURF7A248A,90002010,172
2025-12-01,SURF60F2D1,90002010,190
2025-12-01,SURFE9DE14,90002010,240
2025-12-01,SURFEB883D,90002010,267
2025-12-01,SURFF237F1,90002010,54
2025-12-01,SURF69CACC,90002010,50
2025-12-01,SWIM8BE666,90002010,208
2025-12-01,SWIM0619EB,90002010,104
2025-12-01,SWIMCA28CC,90002010,208
2025-12-01,SWIM3B2B99,90002010,136
2025-12-01,SWIM4F5CDD,90002010,217
2025-12-01,SWIMB4058D,90002010,95
2025-12-01,SWIM139E14,90002010,199
2025-12-01,SWIME2E04A,90002010,127
2025-12-01,SWIMBAC8EE,90002010,203
2025-12-01,SWIM2785E8,90002010,86
2025-12-01,SWIM8D675F,90002010,181
2025-12-01,SWIM98EEF3,90002010,63
2025-12-01,SWIM9CB0C3,90002010,118
2025-12-01,SWIM3BD53D,90002010,131
2025-12-01,SWIM684A76,90002010,154
2025-12-01,SWIM1E7A6B,90002010,199
2025-12-01,TTEN18B609,90002010,249
2025-12-01,TTEND5F06B,90002010,172
2025-12-01,TTENB506A5,90002010,81
2025-12-01,TTEND35118,90002010,194
2025-12-01,TTEN2C5F16,90002010,122
2025-12-01,TTENE14F77,90002010,59
2025-12-01,TTEN658069,90002010,83
2025-12-01,TTEN204A0C,90002010,226
2025-12-01,TTEN99E28C,90002010,171
2025-12-01,TTENE352A9,90002010,203
2025-12-01,GAMES594E41,90002010,203
2025-12-01,GAMES78D8F4,90002010,226
2025-12-01,GAMES0B9C36,90002010,226
2025-12-01,GAMESA7F5F8,90002010,125
2025-12-01,GAMES55E6CB,90002010,231
2025-12-01,GAMES62C38E,90002010,194
2025-12-01,GAMES5EF6E3,90002010,208
2025-12-01,TENN1ADD96,90002010,208
2025-12-01,TENN32F2C2,90002010,102
2025-12-01,TENN11B50C,90002010,222
2025-12-01,TENN6E46CF,90002010,156
2025-12-01,TENN6AD4AC,90002010,95
2025-12-01,TENNDCCD5A,90002010,156
2025-12-01,TENN514228,90002010,152
2025-12-01,TENN0CFFE7,90002010,218
2025-12-01,TENN391CEF,90002010,164
2025-12-01,TENN151AB9,90002010,90
2025-12-01,TENN3F4E67,90002010,66
2025-12-01,TENNF49374,90002010,111
2025-12-01,TENN0B614F,90002010,234
2025-12-01,TENN4AEBA0,90002010,70
2025-12-01,TENN506041,90002010,164
2025-12-01,TENN6C0BC2,90002010,95
2025-12-01,VOLLF0E251,90002010,136
2025-12-01,VOLLA6AAB1,90002010,949
2025-12-01,VOLLF5D4E6,90002010,1464
2025-12-01,VOLLEEC6A4,90002010,1430
2025-12-01,VOLL56AE91,90002010,692
2025-12-01,VOLLDDFCD0,90002010,1634
2025-12-01,VOLL4B8018,90002010,1281
2025-12-01,WLFT9CBF85,90002010,1953
2025-12-01,WLFTB0B8BE,90002010,1376
2025-12-01,WLFT5DC367,90002010,506
2025-12-01,WLFT1704AC,90002010,999
2025-12-01,WLFT053057,90002010,1260
2025-12-01,WLFT79618A,90002010,1144
2025-12-01,WLFTAE945F,90002010,249
2025-12-01,WLFTB7DF2B,90002010,414
2025-12-01,WLFT52B261,90002010,1544
2025-12-01,WLFT296A48,90002010,434
2025-12-01,WLFT7AD84A,90002010,223
2025-12-01,YOGA1B22A2,90002010,1349
2025-12-01,YOGA6FA844,90002010,428
2025-12-01,YOGAA7E602,90002010,341
2025-12-01,YOGA46952D,90002010,1103
2025-12-01,YOGA80ED66,90002010,771
2025-12-01,YOGA465ABE,90002010,1303
2025-12-01,ARCHAFF0E4,90002011,830
2025-12-01,ARCH6B94F7,90002011,619
2025-12-01,ARCH5D1FE7,90002011,670
2025-12-01,ARCH7B49A9,90002011,1593
2025-12-01,ARCH497D34,90002011,922
2025-12-01,ARCHE71D79,90002011,359
2025-12-01,ARCHDD8749,90002011,252
2025-12-01,BADMC045D4,90002011,463
2025-12-01,BADM4BAB38,90002011,1461
2025-12-01,BADMDC6AB1,90002011,2079
2025-12-01,BADM50C510,90002011,2246
2025-12-01,BADM2459FB,90002011,1356
2025-12-01,BADME151E6,90002011,2336
2025-12-01,BADMDA5EC8,90002011,1775
2025-12-01,BADM48A260,90002011,366
2025-12-01,BADM8FFE12,90002011,2022
2025-12-01,BADM1B8332,90002011,1094
2025-12-01,BADM7E90FB,90002011,1470
2025-12-01,BASK7F5383,90002011,2369
2025-12-01,BASKEE612D,90002011,390
2025-12-01,BASK4C69DF,90002011,1565
2025-12-01,BASK9E4294,90002011,728
2025-12-01,BASKEE32E4,90002011,243
2025-12-01,BASKE57A19,90002011,1266
2025-12-01,BASK728A58,90002011,481
2025-12-01,BASKED86BF,90002011,276
2025-12-01,BASK32528E,90002011,1737
2025-12-01,BASK984F74,90002011,790
2025-12-01,BOX8606F7,90002011,1085
2025-12-01,BOXD26891,90002011,347
2025-12-01,BOX17AD9F,90002011,381
2025-12-01,BOXB9DCC6,90002011,1456
2025-12-01,BOX3DC0E4,90002011,1960
2025-12-01,BOX381514,90002011,457
2025-12-01,BOX386644,90002011,1889
2025-12-01,BOX3A9CA9,90002011,847
2025-12-01,BOXB0228B,90002011,680
2025-12-01,CAMP7A5E65,90002011,1693
2025-12-01,CAMP69AF0F,90002011,1398
2025-12-01,CAMP10C410,90002011,849
2025-12-01,CAMPECAADE,90002011,1684
2025-12-01,CAMPF24336,90002011,478
2025-12-01,CAMPE624C8,90002011,2087
2025-12-01,CAMP11E3FA,90002011,666
2025-12-01,CAMPCB6B05,90002011,291
2025-12-01,CAMPDFA679,90002011,446
2025-12-01,CAMP4005E6,90002011,310
2025-12-01,CAMPD5615D,90002011,1187
2025-12-01,HOCKA1EEE0,90002011,1346
2025-12-01,HOCK7723F0,90002011,1215
2025-12-01,HOCK97BE68,90002011,1459
2025-12-01,HOCK2716B4,90002011,1632
2025-12-01,HOCK05FECB,90002011,415
2025-12-01,HOCK681856,90002011,1245
2025-12-01,HOCKBBFD56,90002011,519
2025-12-01,HOCK57FB52,90002011,519
2025-12-01,HOCK294CD6,90002011,1826
2025-12-01,HOCK892BAA,90002011,933
2025-12-01,HOCK2AE4DF,90002011,204
2025-12-01,HOCKC0D928,90002011,289
2025-12-01,HOCK341BC8,90002011,989
2025-12-01,HOCKB9EBFF,90002011,1278
2025-12-01,HOCK5B2A0F,90002011,678
2025-12-01,HOCK2D3CF5,90002011,1011
2025-12-01,HOCKC6CF02,90002011,1845
2025-12-01,HOCKA7893F,90002011,1704
2025-12-01,HOCKA5001D,90002011,1271
2025-12-01,HOCK94FE34,90002011,1708
2025-12-01,HOCK35B3C7,90002011,1901
2025-12-01,HOCK462BA5,90002011,1542
2025-12-01,HOCKBDB8DA,90002011,647
2025-12-01,HOCK1BA87E,90002011,749
2025-12-01,HOCK7633A6,90002011,304
2025-12-01,HOCK8B52CE,90002011,788
2025-12-01,HOCK538334,90002011,2124
2025-12-01,HOCK385D92,90002011,1666
2025-12-01,HOCKF950D4,90002011,1833
2025-12-01,HOCK16E55F,90002011,355
2025-12-01,HOCK02DA3C,90002011,236
2025-12-01,HOCK98DB22,90002011,869
2025-12-01,HOCKCE879E,90002011,1563
2025-12-01,HOCK372046,90002011,1469
2025-12-01,HOCKF6D4C2,90002011,1657
2025-12-01,HOCK7270D1,90002011,462
2025-12-01,HOCK64B186,90002011,724
2025-12-01,HOCK2841E6,90002011,265
2025-12-01,HOCK2101AF,90002011,1833
2025-12-01,HOCKDB62E7,90002011,1088
2025-12-01,HOCKA7A3B4,90002011,655
2025-12-01,HOCKD69383,90002011,1225
2025-12-01,HOCK97883A,90002011,347
2025-12-01,HOCK55A6B5,90002011,1404
2025-12-01,HOCK7A3D0A,90002011,1041
2025-12-01,HOCK76C189,90002011,582
2025-12-01,HOCK8DF8D8,90002011,355
2025-12-01,HOCK19DC2D,90002011,1850
2025-12-01,HOCKAEA857,90002011,1696
2025-12-01,HOCK55BF8F,90002011,1332
2025-12-01,HOCKA76614,90002011,1058
2025-12-01,HOCK2D7B61,90002011,291
2025-12-01,HOCKC6150F,90002011,1811
2025-12-01,CYCLDE0772,90002011,745
2025-12-01,CYCLBD7368,90002011,1781
2025-12-01,CYCL9F921D,90002011,724
2025-12-01,CYCL8D32DD,90002011,1700
2025-12-01,CYCL903AF1,90002011,1165
2025-12-01,CYCLB9F510,90002011,467
2025-12-01,CYCL3A3BA9,90002011,1631
2025-12-01,CYCL28EDD2,90002011,1589
2025-12-01,CYCL8D92F6,90002011,1315
2025-12-01,CYCLA4B3CA,90002011,1036
2025-12-01,FISHE20FE7,90002011,1935
2025-12-01,FISH435E84,90002011,2025
2025-12-01,FISHF83738,90002011,1965
2025-12-01,FISHC4F1E3,90002011,1031
2025-12-01,FISH9C6E1A,90002011,1625
2025-12-01,FISH9DCA51,90002011,438
2025-12-01,FISHA6E17F,90002011,422
2025-12-01,SOCCDA10C6,90002011,662
2025-12-01,SOCC8B25BD,90002011,769
2025-12-01,SOCCBCD3A9,90002011,377
2025-12-01,SOCCC865F3,90002011,495
2025-12-01,SOCC9DB3E4,90002011,582
2025-12-01,SOCCB533BF,90002011,449
2025-12-01,SOCC80D996,90002011,1290
2025-12-01,SOCC0CD3DE,90002011,525
2025-12-01,SOCC528FB5,90002011,940
2025-12-01,SOCC86D9A9,90002011,971
2025-12-01,SOCC0E544D,90002011,350
2025-12-01,SOCCF63A17,90002011,1797
2025-12-01,SOCC93E2C6,90002011,1667
2025-12-01,SOCC2BAAAD,90002011,1831
2025-12-01,SOCC9B3291,90002011,1698
2025-12-01,SOCC7DA9E9,90002011,190
2025-12-01,SOCC6681B1,90002011,1819
2025-12-01,SOCC2271DD,90002011,468
2025-12-01,SOCC614FC7,90002011,1671
2025-12-01,SOCC41CE85,90002011,571
2025-12-01,SOCCC136F5,90002011,674
2025-12-01,SOCCBF1E0A,90002011,1100
2025-12-01,SOCCDD733E,90002011,1081
2025-12-01,SOCCCC8143,90002011,887
2025-12-01,SOCCE19E1A,90002011,1576
2025-12-01,SOCC3DC7AC,90002011,830
2025-12-01,SOCCE1C418,90002011,297
2025-12-01,SOCC595ABB,90002011,1610
2025-12-01,SOCCB792C1,90002011,1195
2025-12-01,SOCC5F7FD6,90002011,1850
2025-12-01,SOCC347728,90002011,415
2025-12-01,SOCCFD98D3,90002011,1054
2025-12-01,SOCC75A7DE,90002011,845
2025-12-01,SOCC5FB337,90002011,194
2025-12-01,SOCCAFD990,90002011,1035
2025-12-01,SOCC9B1B1E,90002011,1134
2025-12-01,SOCCABBA46,90002011,666
2025-12-01,SOCCEC0AEA,90002011,373
2025-12-01,SOCCF21535,90002011,750
2025-12-01,SOCC1E3E32,90002011,868
2025-12-01,SOCC71C831,90002011,567
2025-12-01,SOCC7EB7BC,90002011,926
2025-12-01,SOCC17860D,90002011,1238
2025-12-01,SOCC63FDD7,90002011,1419
2025-12-01,SOCCFCA276,90002011,453
2025-12-01,SOCCD3B001,90002011,804
2025-12-01,SOCC65813B,90002011,1443
2025-12-01,SOCC4A3199,90002011,1821
2025-12-01,SOCC424157,90002011,248
2025-12-01,SOCC67945A,90002011,1301
2025-12-01,SOCCAB35F3,90002011,1880
2025-12-01,SOCC489639,90002011,1695
2025-12-01,HNDLA1722E,90002011,836
2025-12-01,HNDL03C073,90002011,1750
2025-12-01,HNDL9B1B7D,90002011,848
2025-12-01,HNDLB5AAA4,90002011,989
2025-12-01,HNDLCD10B6,90002011,1936
2025-12-01,HIKA1D299,90002011,907
2025-12-01,HIK8D130E,90002011,203
2025-12-01,HIK551B1C,90002011,156
2025-12-01,HIKC3460C,90002011,94
2025-12-01,HIKF7229D,90002011,141
2025-12-01,HIK070F0B,90002011,176
2025-12-01,HIKCAC6DD,90002011,176
2025-12-01,HIK77A350,90002011,199
2025-12-01,HIK1EDFAB,90002011,63
2025-12-01,HIK36B5E7,90002011,74
2025-12-01,HIK3D8B94,90002011,51
2025-12-01,HIKBE06F0,90002011,164
2025-12-01,HIKD4C3B1,90002011,113
2025-12-01,HIK477AAF,90002011,223
2025-12-01,HIK3DF988,90002011,102
2025-12-01,HIKD36FFD,90002011,86
2025-12-01,HIKFE5678,90002011,74
2025-12-01,HIKF1C8B8,90002011,106
2025-12-01,HIKC8C113,90002011,195
2025-12-01,HIK122A22,90002011,74
2025-12-01,HIKAD4D17,90002011,156
2025-12-01,HORSE77A541,90002011,149
2025-12-01,HORSE2EEE60,90002011,191
2025-12-01,HORSE3B12B0,90002011,59
2025-12-01,HORSEAE5456,90002011,164
2025-12-01,HORSEB0E845,90002011,176
2025-12-01,HORSE63358C,90002011,102
2025-12-01,HORSEEB0E93,90002011,180
2025-12-01,HORSEE8A02C,90002011,47
2025-12-01,HORSE32EC33,90002011,94
2025-12-01,HORSE2CAEAB,90002011,223
2025-12-01,RACKD4E78B,90002011,137
2025-12-01,RACK105320,90002011,86
2025-12-01,RACK66912E,90002011,82
2025-12-01,RACKFDE19F,90002011,106
2025-12-01,RACK435CCD,90002011,145
2025-12-01,RACK3489DB,90002011,215
2025-12-01,RACK82A423,90002011,203
2025-12-01,RACK5D92A1,90002011,66
2025-12-01,RACK69205F,90002011,184
2025-12-01,ROCKC708F5,90002011,164
2025-12-01,ROCKD798F6,90002011,82
2025-12-01,ROCKF69138,90002011,43
2025-12-01,ROCK9DEEFF,90002011,141
2025-12-01,ROCKED21EA,90002011,160
2025-12-01,ROCKCC3BF4,90002011,51
2025-12-01,ROCK0F8FA1,90002011,86
2025-12-01,ROCK3F43FF,90002011,223
2025-12-01,ROCK32D5D0,90002011,223
2025-12-01,RUN2FE4D5,90002011,102
2025-12-01,RUNCF8C32,90002011,141
2025-12-01,RUNC06D4D,90002011,78
2025-12-01,RUNE665CD,90002011,223
2025-12-01,RUN6AA3AE,90002011,70
2025-12-01,RUND54C0F,90002011,223
2025-12-01,RUNA56979,90002011,149
2025-12-01,RUND6A4A7,90002011,199
2025-12-01,RUND5648C,90002011,113
2025-12-01,RUND03BFE,90002011,180
2025-12-01,RUND9B589,90002011,65
2025-12-01,RUN6DCFAC,90002011,157
2025-12-01,RUN1AB696,90002011,134
2025-12-01,RUN4820EF,90002011,162
2025-12-01,RUN339949,90002011,162
2025-12-01,RUN10A073,90002011,263
2025-12-01,RUNB90BB2,90002011,120
2025-12-01,RUN785BD8,90002011,102
2025-12-01,RUN51B03C,90002011,134
2025-12-01,RUN1D0017,90002011,134
2025-12-01,RUN192A50,90002011,116
2025-12-01,RUN5C06BF,90002011,46
2025-12-01,RUNEBBF53,90002011,254
2025-12-01,RUN907813,90002011,213
2025-12-01,SKATCB097A,90002011,226
2025-12-01,SKAT407D01,90002011,139
2025-12-01,SKAT8BFE91,90002011,203
2025-12-01,SKAT47003B,90002011,157
2025-12-01,SKAT24B8F2,90002011,250
2025-12-01,SKAT8A94D3,90002011,213
2025-12-01,SKATC23D72,90002011,106
2025-12-01,SQUA4C7DCE,90002011,226
2025-12-01,SQUA99D795,90002011,157
2025-12-01,SQUA160B6F,90002011,129
2025-12-01,SQUAA3B44A,90002011,79
2025-12-01,SQUA84B377,90002011,271
2025-12-01,SQUA732DF1,90002011,163
2025-12-01,SQUA22F29D,90002011,231
2025-12-01,SQUA82575A,90002011,81
2025-12-01,SURF56D4BF,90002011,72
2025-12-01,SURF2EBCCA,90002011,154
2025-12-01,SURF8627B1,90002011,77
2025-12-01,SURF7A248A,90002011,253
2025-12-01,SURF60F2D1,90002011,149
2025-12-01,SURFE9DE14,90002011,95
2025-12-01,SURFEB883D,90002011,221
2025-12-01,SURFF237F1,90002011,59
2025-12-01,SURF69CACC,90002011,262
2025-12-01,SWIM8BE666,90002011,185
2025-12-01,SWIM0619EB,90002011,167
2025-12-01,SWIMCA28CC,90002011,176
2025-12-01,SWIM3B2B99,90002011,118
2025-12-01,SWIM4F5CDD,90002011,176
2025-12-01,SWIMB4058D,90002011,262
2025-12-01,SWIM139E14,90002011,190
2025-12-01,SWIME2E04A,90002011,258
2025-12-01,SWIMBAC8EE,90002011,99
2025-12-01,SWIM2785E8,90002011,99
2025-12-01,SWIM8D675F,90002011,145
2025-12-01,SWIM98EEF3,90002011,244
2025-12-01,SWIM9CB0C3,90002011,181
2025-12-01,SWIM3BD53D,90002011,122
2025-12-01,SWIM684A76,90002011,217
2025-12-01,SWIM1E7A6B,90002011,122
2025-12-01,TTEN18B609,90002011,271
2025-12-01,TTEND5F06B,90002011,154
2025-12-01,TTENB506A5,90002011,108
2025-12-01,TTEND35118,90002011,212
2025-12-01,TTEN2C5F16,90002011,244
2025-12-01,TTENE14F77,90002011,199
2025-12-01,TTEN658069,90002011,157
2025-12-01,TTEN204A0C,90002011,162
2025-12-01,TTEN99E28C,90002011,129
2025-12-01,TTENE352A9,90002011,226
2025-12-01,GAMES594E41,90002011,79
2025-12-01,GAMES78D8F4,90002011,240
2025-12-01,GAMES0B9C36,90002011,60
2025-12-01,GAMESA7F5F8,90002011,111
2025-12-01,GAMES55E6CB,90002011,194
2025-12-01,GAMES62C38E,90002011,226
2025-12-01,GAMES5EF6E3,90002011,254
2025-12-01,TENN1ADD96,90002011,51
2025-12-01,TENN32F2C2,90002011,51
2025-12-01,TENN11B50C,90002011,134
2025-12-01,TENN6E46CF,90002011,99
2025-12-01,TENN6AD4AC,90002011,201
2025-12-01,TENNDCCD5A,90002011,230
2025-12-01,TENN514228,90002011,222
2025-12-01,TENN0CFFE7,90002011,136
2025-12-01,TENN391CEF,90002011,90
2025-12-01,TENN151AB9,90002011,185
2025-12-01,TENN3F4E67,90002011,218
2025-12-01,TENNF49374,90002011,177
2025-12-01,TENN0B614F,90002011,214
2025-12-01,TENN4AEBA0,90002011,177
2025-12-01,TENN506041,90002011,132
2025-12-01,TENN6C0BC2,90002011,119
2025-12-01,VOLLF0E251,90002011,53
2025-12-01,VOLLA6AAB1,90002011,1600
2025-12-01,VOLLF5D4E6,90002011,1845
2025-12-01,VOLLEEC6A4,90002011,995
2025-12-01,VOLL56AE91,90002011,1070
2025-12-01,VOLLDDFCD0,90002011,1791
2025-12-01,VOLL4B8018,90002011,1215
2025-12-01,WLFT9CBF85,90002011,535
2025-12-01,WLFTB0B8BE,90002011,755
2025-12-01,WLFT5DC367,90002011,1932
2025-12-01,WLFT1704AC,90002011,344
2025-12-01,WLFT053057,90002011,896
2025-12-01,WLFT79618A,90002011,1422
2025-12-01,WLFTAE945F,90002011,668
2025-12-01,WLFTB7DF2B,90002011,1063
2025-12-01,WLFT52B261,90002011,1802
2025-12-01,WLFT296A48,90002011,489
2025-12-01,WLFT7AD84A,90002011,1110
2025-12-01,YOGA1B22A2,90002011,713
2025-12-01,YOGA6FA844,90002011,1381
2025-12-01,YOGAA7E602,90002011,777
2025-12-01,YOGA46952D,90002011,829
2025-12-01,YOGA80ED66,90002011,1283
2025-12-01,YOGA465ABE,90002011,1366
2025-12-01,ARCHAFF0E4,90002012,1656
2025-12-01,ARCH6B94F7,90002012,1200
2025-12-01,ARCH5D1FE7,90002012,1371
2025-12-01,ARCH7B49A9,90002012,1493
2025-12-01,ARCH497D34,90002012,315
2025-12-01,ARCHE71D79,90002012,793
2025-12-01,ARCHDD8749,90002012,263
2025-12-01,BADMC045D4,90002012,796
2025-12-01,BADM4BAB38,90002012,314
2025-12-01,BADMDC6AB1,90002012,790
2025-12-01,BADM50C510,90002012,1023
2025-12-01,BADM2459FB,90002012,2255
2025-12-01,BADME151E6,90002012,2355
2025-12-01,BADMDA5EC8,90002012,2155
2025-12-01,BADM48A260,90002012,1703
2025-12-01,BADM8FFE12,90002012,1028
2025-12-01,BADM1B8332,90002012,2350
2025-12-01,BADM7E90FB,90002012,1104
2025-12-01,BASK7F5383,90002012,257
2025-12-01,BASKEE612D,90002012,1898
2025-12-01,BASK4C69DF,90002012,899
2025-12-01,BASK9E4294,90002012,1970
2025-12-01,BASKEE32E4,90002012,362
2025-12-01,BASKE57A19,90002012,1104
2025-12-01,BASK728A58,90002012,1085
2025-12-01,BASKED86BF,90002012,1023
2025-12-01,BASK32528E,90002012,1356
2025-12-01,BASK984F74,90002012,766
2025-12-01,BOX8606F7,90002012,1156
2025-12-01,BOXD26891,90002012,1779
2025-12-01,BOX17AD9F,90002012,1542
2025-12-01,BOXB9DCC6,90002012,2046
2025-12-01,BOX3DC0E4,90002012,1546
2025-12-01,BOX381514,90002012,761
2025-12-01,BOX386644,90002012,1994
2025-12-01,BOX3A9CA9,90002012,1442
2025-12-01,BOXB0228B,90002012,1370
2025-12-01,CAMP7A5E65,90002012,291
2025-12-01,CAMP69AF0F,90002012,666
2025-12-01,CAMP10C410,90002012,1641
2025-12-01,CAMPECAADE,90002012,685
2025-12-01,CAMPF24336,90002012,436
2025-12-01,CAMPE624C8,90002012,2185
2025-12-01,CAMP11E3FA,90002012,722
2025-12-01,CAMPCB6B05,90002012,417
2025-12-01,CAMPDFA679,90002012,1721
2025-12-01,CAMP4005E6,90002012,1595
2025-12-01,CAMPD5615D,90002012,1079
2025-12-01,HOCKA1EEE0,90002012,638
2025-12-01,HOCK7723F0,90002012,2190
2025-12-01,HOCK97BE68,90002012,746
2025-12-01,HOCK2716B4,90002012,2256
2025-12-01,HOCK05FECB,90002012,367
2025-12-01,HOCK681856,90002012,989
2025-12-01,HOCKBBFD56,90002012,1441
2025-12-01,HOCK57FB52,90002012,1478
2025-12-01,HOCK294CD6,90002012,600
2025-12-01,HOCK892BAA,90002012,863
2025-12-01,HOCK2AE4DF,90002012,693
2025-12-01,HOCKC0D928,90002012,615
2025-12-01,HOCK341BC8,90002012,696
2025-12-01,HOCKB9EBFF,90002012,419
2025-12-01,HOCK5B2A0F,90002012,1063
2025-12-01,HOCK2D3CF5,90002012,1537
2025-12-01,HOCKC6CF02,90002012,1785
2025-12-01,HOCKA7893F,90002012,1537
2025-12-01,HOCKA5001D,90002012,307
2025-12-01,HOCK94FE34,90002012,645
2025-12-01,HOCK35B3C7,90002012,1816
2025-12-01,HOCK462BA5,90002012,2017
2025-12-01,HOCKBDB8DA,90002012,1032
2025-12-01,HOCK1BA87E,90002012,360
2025-12-01,HOCK7633A6,90002012,1798
2025-12-01,HOCK8B52CE,90002012,257
2025-12-01,HOCK538334,90002012,1011
2025-12-01,HOCK385D92,90002012,1824
2025-12-01,HOCKF950D4,90002012,1083
2025-12-01,HOCK16E55F,90002012,638
2025-12-01,HOCK02DA3C,90002012,471
2025-12-01,HOCK98DB22,90002012,715
2025-12-01,HOCKCE879E,90002012,1105
2025-12-01,HOCK372046,90002012,916
2025-12-01,HOCKF6D4C2,90002012,1768
2025-12-01,HOCK7270D1,90002012,762
2025-12-01,HOCK64B186,90002012,2030
2025-12-01,HOCK2841E6,90002012,1126
2025-12-01,HOCK2101AF,90002012,1614
2025-12-01,HOCKDB62E7,90002012,1130
2025-12-01,HOCKA7A3B4,90002012,998
2025-12-01,HOCKD69383,90002012,1041
2025-12-01,HOCK97883A,90002012,1404
2025-12-01,HOCK55A6B5,90002012,1383
2025-12-01,HOCK7A3D0A,90002012,265
2025-12-01,HOCK76C189,90002012,1182
2025-12-01,HOCK8DF8D8,90002012,677
2025-12-01,HOCK19DC2D,90002012,951
2025-12-01,HOCKAEA857,90002012,351
2025-12-01,HOCK55BF8F,90002012,946
2025-12-01,HOCKA76614,90002012,2102
2025-12-01,HOCK2D7B61,90002012,1482
2025-12-01,HOCKC6150F,90002012,1049
2025-12-01,CYCLDE0772,90002012,505
2025-12-01,CYCLBD7368,90002012,1477
2025-12-01,CYCL9F921D,90002012,1417
2025-12-01,CYCL8D32DD,90002012,1332
2025-12-01,CYCL903AF1,90002012,1790
2025-12-01,CYCLB9F510,90002012,805
2025-12-01,CYCL3A3BA9,90002012,1953
2025-12-01,CYCL28EDD2,90002012,938
2025-12-01,CYCL8D92F6,90002012,492
2025-12-01,CYCLA4B3CA,90002012,2038
2025-12-01,FISHE20FE7,90002012,1721
2025-12-01,FISH435E84,90002012,1272
2025-12-01,FISHF83738,90002012,908
2025-12-01,FISHC4F1E3,90002012,1728
2025-12-01,FISH9C6E1A,90002012,742
2025-12-01,FISH9DCA51,90002012,1332
2025-12-01,FISHA6E17F,90002012,666
2025-12-01,SOCCDA10C6,90002012,1484
2025-12-01,SOCC8B25BD,90002012,1374
2025-12-01,SOCCBCD3A9,90002012,1378
2025-12-01,SOCCC865F3,90002012,1473
2025-12-01,SOCC9DB3E4,90002012,304
2025-12-01,SOCCB533BF,90002012,902
2025-12-01,SOCC80D996,90002012,1572
2025-12-01,SOCC0CD3DE,90002012,434
2025-12-01,SOCC528FB5,90002012,346
2025-12-01,SOCC86D9A9,90002012,1009
2025-12-01,SOCC0E544D,90002012,449
2025-12-01,SOCCF63A17,90002012,1237
2025-12-01,SOCC93E2C6,90002012,628
2025-12-01,SOCC2BAAAD,90002012,377
2025-12-01,SOCC9B3291,90002012,1545
2025-12-01,SOCC7DA9E9,90002012,320
2025-12-01,SOCC6681B1,90002012,518
2025-12-01,SOCC2271DD,90002012,324
2025-12-01,SOCC614FC7,90002012,1427
2025-12-01,SOCC41CE85,90002012,1016
2025-12-01,SOCCC136F5,90002012,533
2025-12-01,SOCCBF1E0A,90002012,1804
2025-12-01,SOCCDD733E,90002012,617
2025-12-01,SOCCCC8143,90002012,384
2025-12-01,SOCCE19E1A,90002012,1328
2025-12-01,SOCC3DC7AC,90002012,1606
2025-12-01,SOCCE1C418,90002012,1302
2025-12-01,SOCC595ABB,90002012,1797
2025-12-01,SOCCB792C1,90002012,1500
2025-12-01,SOCC5F7FD6,90002012,411
2025-12-01,SOCC347728,90002012,1698
2025-12-01,SOCCFD98D3,90002012,1747
2025-12-01,SOCC75A7DE,90002012,228
2025-12-01,SOCC5FB337,90002012,1743
2025-12-01,SOCCAFD990,90002012,1838
2025-12-01,SOCC9B1B1E,90002012,864
2025-12-01,SOCCABBA46,90002012,1854
2025-12-01,SOCCEC0AEA,90002012,1835
2025-12-01,SOCCF21535,90002012,883
2025-12-01,SOCC1E3E32,90002012,933
2025-12-01,SOCC71C831,90002012,1564
2025-12-01,SOCC7EB7BC,90002012,1620
2025-12-01,SOCC17860D,90002012,1124
2025-12-01,SOCC63FDD7,90002012,1861
2025-12-01,SOCCFCA276,90002012,1317
2025-12-01,SOCCD3B001,90002012,1526
2025-12-01,SOCC65813B,90002012,982
2025-12-01,SOCC4A3199,90002012,339
2025-12-01,SOCC424157,90002012,1557
2025-12-01,SOCC67945A,90002012,1691
2025-12-01,SOCCAB35F3,90002012,828
2025-12-01,SOCC489639,90002012,761
2025-12-01,HNDLA1722E,90002012,938
2025-12-01,HNDL03C073,90002012,855
2025-12-01,HNDL9B1B7D,90002012,1849
2025-12-01,HNDLB5AAA4,90002012,382
2025-12-01,HNDLCD10B6,90002012,1857
2025-12-01,HIKA1D299,90002012,1455
2025-12-01,HIK8D130E,90002012,66
2025-12-01,HIK551B1C,90002012,90
2025-12-01,HIKC3460C,90002012,156
2025-12-01,HIKF7229D,90002012,70
2025-12-01,HIK070F0B,90002012,70
2025-12-01,HIKCAC6DD,90002012,55
2025-12-01,HIK77A350,90002012,203
2025-12-01,HIK1EDFAB,90002012,55
2025-12-01,HIK36B5E7,90002012,129
2025-12-01,HIK3D8B94,90002012,43
2025-12-01,HIKBE06F0,90002012,152
2025-12-01,HIKD4C3B1,90002012,66
2025-12-01,HIK477AAF,90002012,102
2025-12-01,HIK3DF988,90002012,129
2025-12-01,HIKD36FFD,90002012,172
2025-12-01,HIKFE5678,90002012,145
2025-12-01,HIKF1C8B8,90002012,176
2025-12-01,HIKC8C113,90002012,39
2025-12-01,HIK122A22,90002012,109
2025-12-01,HIKAD4D17,90002012,145
2025-12-01,HORSE77A541,90002012,59
2025-12-01,HORSE2EEE60,90002012,94
2025-12-01,HORSE3B12B0,90002012,78
2025-12-01,HORSEAE5456,90002012,133
2025-12-01,HORSEB0E845,90002012,125
2025-12-01,HORSE63358C,90002012,215
2025-12-01,HORSEEB0E93,90002012,191
2025-12-01,HORSEE8A02C,90002012,191
2025-12-01,HORSE32EC33,90002012,215
2025-12-01,HORSE2CAEAB,90002012,203
2025-12-01,RACKD4E78B,90002012,231
2025-12-01,RACK105320,90002012,231
2025-12-01,RACK66912E,90002012,94
2025-12-01,RACKFDE19F,90002012,219
2025-12-01,RACK435CCD,90002012,180
2025-12-01,RACK3489DB,90002012,180
2025-12-01,RACK82A423,90002012,133
2025-12-01,RACK5D92A1,90002012,117
2025-12-01,RACK69205F,90002012,219
2025-12-01,ROCKC708F5,90002012,109
2025-12-01,ROCKD798F6,90002012,137
2025-12-01,ROCKF69138,90002012,125
2025-12-01,ROCK9DEEFF,90002012,98
2025-12-01,ROCKED21EA,90002012,74
2025-12-01,ROCKCC3BF4,90002012,86
2025-12-01,ROCK0F8FA1,90002012,164
2025-12-01,ROCK3F43FF,90002012,215
2025-12-01,ROCK32D5D0,90002012,59
2025-12-01,RUN2FE4D5,90002012,109
2025-12-01,RUNCF8C32,90002012,207
2025-12-01,RUNC06D4D,90002012,145
2025-12-01,RUNE665CD,90002012,160
2025-12-01,RUN6AA3AE,90002012,211
2025-12-01,RUND54C0F,90002012,102
2025-12-01,RUNA56979,90002012,231
2025-12-01,RUND6A4A7,90002012,219
2025-12-01,RUND5648C,90002012,203
2025-12-01,RUND03BFE,90002012,92
2025-12-01,RUND9B589,90002012,157
2025-12-01,RUN6DCFAC,90002012,83
2025-12-01,RUN1AB696,90002012,222
2025-12-01,RUN4820EF,90002012,162
2025-12-01,RUN339949,90002012,129
2025-12-01,RUN10A073,90002012,125
2025-12-01,RUNB90BB2,90002012,55
2025-12-01,RUN785BD8,90002012,236
2025-12-01,RUN51B03C,90002012,134
2025-12-01,RUN1D0017,90002012,83
2025-12-01,RUN192A50,90002012,139
2025-12-01,RUN5C06BF,90002012,65
2025-12-01,RUNEBBF53,90002012,83
2025-12-01,RUN907813,90002012,148
2025-12-01,SKATCB097A,90002012,254
2025-12-01,SKAT407D01,90002012,92
2025-12-01,SKAT8BFE91,90002012,111
2025-12-01,SKAT47003B,90002012,236
2025-12-01,SKAT24B8F2,90002012,162
2025-12-01,SKAT8A94D3,90002012,102
2025-12-01,SKATC23D72,90002012,97
2025-12-01,SQUA4C7DCE,90002012,268
2025-12-01,SQUA99D795,90002012,92
2025-12-01,SQUA160B6F,90002012,106
2025-12-01,SQUAA3B44A,90002012,116
2025-12-01,SQUA84B377,90002012,240
2025-12-01,SQUA732DF1,90002012,45
2025-12-01,SQUA22F29D,90002012,267
2025-12-01,SQUA82575A,90002012,253
2025-12-01,SURF56D4BF,90002012,136
2025-12-01,SURF2EBCCA,90002012,226
2025-12-01,SURF8627B1,90002012,45
2025-12-01,SURF7A248A,90002012,244
2025-12-01,SURF60F2D1,90002012,221
2025-12-01,SURFE9DE14,90002012,136
2025-12-01,SURFEB883D,90002012,172
2025-12-01,SURFF237F1,90002012,77
2025-12-01,SURF69CACC,90002012,271
2025-12-01,SWIM8BE666,90002012,194
2025-12-01,SWIM0619EB,90002012,262
2025-12-01,SWIMCA28CC,90002012,104
2025-12-01,SWIM3B2B99,90002012,190
2025-12-01,SWIM4F5CDD,90002012,63
2025-12-01,SWIMB4058D,90002012,72
2025-12-01,SWIM139E14,90002012,99
2025-12-01,SWIME2E04A,90002012,68
2025-12-01,SWIMBAC8EE,90002012,95
2025-12-01,SWIM2785E8,90002012,118
2025-12-01,SWIM8D675F,90002012,244
2025-12-01,SWIM98EEF3,90002012,95
2025-12-01,SWIM9CB0C3,90002012,217
2025-12-01,SWIM3BD53D,90002012,217
2025-12-01,SWIM684A76,90002012,108
2025-12-01,SWIM1E7A6B,90002012,185
2025-12-01,TTEN18B609,90002012,167
2025-12-01,TTEND5F06B,90002012,86
2025-12-01,TTENB506A5,90002012,221
2025-12-01,TTEND35118,90002012,131
2025-12-01,TTEN2C5F16,90002012,271
2025-12-01,TTENE14F77,90002012,221
2025-12-01,TTEN658069,90002012,236
2025-12-01,TTEN204A0C,90002012,79
2025-12-01,TTEN99E28C,90002012,180
2025-12-01,TTENE352A9,90002012,106
2025-12-01,GAMES594E41,90002012,134
2025-12-01,GAMES78D8F4,90002012,250
2025-12-01,GAMES0B9C36,90002012,120
2025-12-01,GAMESA7F5F8,90002012,245
2025-12-01,GAMES55E6CB,90002012,194
2025-12-01,GAMES62C38E,90002012,88
2025-12-01,GAMES5EF6E3,90002012,245
2025-12-01,TENN1ADD96,90002012,157
2025-12-01,TENN32F2C2,90002012,180
2025-12-01,TENN11B50C,90002012,116
2025-12-01,TENN6E46CF,90002012,53
2025-12-01,TENN6AD4AC,90002012,86
2025-12-01,TENNDCCD5A,90002012,78
2025-12-01,TENN514228,90002012,218
2025-12-01,TENN0CFFE7,90002012,115
2025-12-01,TENN391CEF,90002012,78
2025-12-01,TENN151AB9,90002012,115
2025-12-01,TENN3F4E67,90002012,230
2025-12-01,TENNF49374,90002012,123
2025-12-01,TENN0B614F,90002012,173
2025-12-01,TENN4AEBA0,90002012,238
2025-12-01,TENN506041,90002012,185
2025-12-01,TENN6C0BC2,90002012,127
2025-12-01,VOLLF0E251,90002012,238
2025-12-01,VOLLA6AAB1,90002012,427
2025-12-01,VOLLF5D4E6,90002012,344
2025-12-01,VOLLEEC6A4,90002012,518
2025-12-01,VOLL56AE91,90002012,2011
2025-12-01,VOLLDDFCD0,90002012,618
2025-12-01,VOLL4B8018,90002012,1969
2025-12-01,WLFT9CBF85,90002012,211
2025-12-01,WLFTB0B8BE,90002012,1310
2025-12-01,WLFT5DC367,90002012,1857
2025-12-01,WLFT1704AC,90002012,282
2025-12-01,WLFT053057,90002012,1928
2025-12-01,WLFT79618A,90002012,1215
2025-12-01,WLFTAE945F,90002012,1534
2025-12-01,WLFTB7DF2B,90002012,563
2025-12-01,WLFT52B261,90002012,348
2025-12-01,WLFT296A48,90002012,1415
2025-12-01,WLFT7AD84A,90002012,1067
2025-12-01,YOGA1B22A2,90002012,1372
2025-12-01,YOGA6FA844,90002012,708
2025-12-01,YOGAA7E602,90002012,352
2025-12-01,YOGA46952D,90002012,659
2025-12-01,YOGA80ED66,90002012,358
2025-12-01,YOGA465ABE,90002012,347
2025-12-01,ARCHAFF0E4,90002014,1419
2025-12-01,ARCH6B94F7,90002014,674
2025-12-01,ARCH5D1FE7,90002014,1530
2025-12-01,ARCH7B49A9,90002014,1667
2025-12-01,ARCH497D34,90002014,1263
2025-12-01,ARCHE71D79,90002014,1226
2025-12-01,ARCHDD8749,90002014,1463
2025-12-01,BADMC045D4,90002014,952
2025-12-01,BADM4BAB38,90002014,1480
2025-12-01,BADMDC6AB1,90002014,1699
2025-12-01,BADM50C510,90002014,333
2025-12-01,BADM2459FB,90002014,604
2025-12-01,BADME151E6,90002014,680
2025-12-01,BADMDA5EC8,90002014,504
2025-12-01,BADM48A260,90002014,1313
2025-12-01,BADM8FFE12,90002014,1009
2025-12-01,BADM1B8332,90002014,1784
2025-12-01,BADM7E90FB,90002014,2041
2025-12-01,BASK7F5383,90002014,1803
2025-12-01,BASKEE612D,90002014,1075
2025-12-01,BASK4C69DF,90002014,776
2025-12-01,BASK9E4294,90002014,1180
2025-12-01,BASKEE32E4,90002014,1503
2025-12-01,BASKE57A19,90002014,623
2025-12-01,BASK728A58,90002014,1432
2025-12-01,BASKED86BF,90002014,2317
2025-12-01,BASK32528E,90002014,1318
2025-12-01,BASK984F74,90002014,1270
2025-12-01,BOX8606F7,90002014,1251
2025-12-01,BOXD26891,90002014,875
2025-12-01,BOX17AD9F,90002014,1299
2025-12-01,BOXB9DCC6,90002014,1147
2025-12-01,BOX3DC0E4,90002014,2093
2025-12-01,BOX381514,90002014,1570
2025-12-01,BOX386644,90002014,1803
2025-12-01,BOX3A9CA9,90002014,1099
2025-12-01,BOXB0228B,90002014,1713
2025-12-01,CAMP7A5E65,90002014,1308
2025-12-01,CAMP69AF0F,90002014,2209
2025-12-01,CAMP10C410,90002014,1341
2025-12-01,CAMPECAADE,90002014,1731
2025-12-01,CAMPF24336,90002014,891
2025-12-01,CAMPE624C8,90002014,1383
2025-12-01,CAMP11E3FA,90002014,1435
2025-12-01,CAMPCB6B05,90002014,385
2025-12-01,CAMPDFA679,90002014,544
2025-12-01,CAMP4005E6,90002014,961
2025-12-01,CAMPD5615D,90002014,830
2025-12-01,HOCKA1EEE0,90002014,1660
2025-12-01,HOCK7723F0,90002014,1149
2025-12-01,HOCK97BE68,90002014,1290
2025-12-01,HOCK2716B4,90002014,966
2025-12-01,HOCK05FECB,90002014,1515
2025-12-01,HOCK681856,90002014,708
2025-12-01,HOCKBBFD56,90002014,1685
2025-12-01,HOCK57FB52,90002014,1630
2025-12-01,HOCK294CD6,90002014,1019
2025-12-01,HOCK892BAA,90002014,837
2025-12-01,HOCK2AE4DF,90002014,1400
2025-12-01,HOCKC0D928,90002014,615
2025-12-01,HOCK341BC8,90002014,1056
2025-12-01,HOCKB9EBFF,90002014,1371
2025-12-01,HOCK5B2A0F,90002014,244
2025-12-01,HOCK2D3CF5,90002014,1174
2025-12-01,HOCKC6CF02,90002014,1622
2025-12-01,HOCKA7893F,90002014,1689
2025-12-01,HOCKA5001D,90002014,611
2025-12-01,HOCK94FE34,90002014,1352
2025-12-01,HOCK35B3C7,90002014,711
2025-12-01,HOCK462BA5,90002014,1233
2025-12-01,HOCKBDB8DA,90002014,1426
2025-12-01,HOCK1BA87E,90002014,1216
2025-12-01,HOCK7633A6,90002014,265
2025-12-01,HOCK8B52CE,90002014,1032
2025-12-01,HOCK538334,90002014,1713
2025-12-01,HOCK385D92,90002014,1593
2025-12-01,HOCKF950D4,90002014,1109
2025-12-01,HOCK16E55F,90002014,1730
2025-12-01,HOCK02DA3C,90002014,681
2025-12-01,HOCK98DB22,90002014,1370
2025-12-01,HOCKCE879E,90002014,1182
2025-12-01,HOCK372046,90002014,308
2025-12-01,HOCKF6D4C2,90002014,1011
2025-12-01,HOCK7270D1,90002014,1824
2025-12-01,HOCK64B186,90002014,1935
2025-12-01,HOCK2841E6,90002014,1315
2025-12-01,HOCK2101AF,90002014,2124
2025-12-01,HOCKDB62E7,90002014,1195
2025-12-01,HOCKA7A3B4,90002014,2090
2025-12-01,HOCKD69383,90002014,651
2025-12-01,HOCK97883A,90002014,1345
2025-12-01,HOCK55A6B5,90002014,1075
2025-12-01,HOCK7A3D0A,90002014,1499
2025-12-01,HOCK76C189,90002014,2111
2025-12-01,HOCK8DF8D8,90002014,796
2025-12-01,HOCK19DC2D,90002014,1058
2025-12-01,HOCKAEA857,90002014,1914
2025-12-01,HOCK55BF8F,90002014,527
2025-12-01,HOCKA76614,90002014,1233
2025-12-01,HOCK2D7B61,90002014,707
2025-12-01,HOCKC6150F,90002014,471
2025-12-01,CYCLDE0772,90002014,1850
2025-12-01,CYCLBD7368,90002014,1507
2025-12-01,CYCL9F921D,90002014,916
2025-12-01,CYCL8D32DD,90002014,1803
2025-12-01,CYCL903AF1,90002014,1122
2025-12-01,CYCLB9F510,90002014,347
2025-12-01,CYCL3A3BA9,90002014,1858
2025-12-01,CYCL28EDD2,90002014,321
2025-12-01,CYCL8D92F6,90002014,1768
2025-12-01,CYCLA4B3CA,90002014,2030
2025-12-01,FISHE20FE7,90002014,968
2025-12-01,FISH435E84,90002014,355
2025-12-01,FISHF83738,90002014,548
2025-12-01,FISHC4F1E3,90002014,1165
2025-12-01,FISH9C6E1A,90002014,407
2025-12-01,FISH9DCA51,90002014,590
2025-12-01,FISHA6E17F,90002014,925
2025-12-01,SOCCDA10C6,90002014,1827
2025-12-01,SOCC8B25BD,90002014,1720
2025-12-01,SOCCBCD3A9,90002014,442
2025-12-01,SOCCC865F3,90002014,358
2025-12-01,SOCC9DB3E4,90002014,1165
2025-12-01,SOCCB533BF,90002014,944
2025-12-01,SOCC80D996,90002014,872
2025-12-01,SOCC0CD3DE,90002014,1264
2025-12-01,SOCC528FB5,90002014,263
2025-12-01,SOCC86D9A9,90002014,1675
2025-12-01,SOCC0E544D,90002014,868
2025-12-01,SOCCF63A17,90002014,487
2025-12-01,SOCC93E2C6,90002014,365
2025-12-01,SOCC2BAAAD,90002014,853
2025-12-01,SOCC9B3291,90002014,792
2025-12-01,SOCC7DA9E9,90002014,1374
2025-12-01,SOCC6681B1,90002014,944
2025-12-01,SOCC2271DD,90002014,1557
2025-12-01,SOCC614FC7,90002014,259
2025-12-01,SOCC41CE85,90002014,1500
2025-12-01,SOCCC136F5,90002014,849
2025-12-01,SOCCBF1E0A,90002014,719
2025-12-01,SOCCDD733E,90002014,1739
2025-12-01,SOCCCC8143,90002014,990
2025-12-01,SOCCE19E1A,90002014,1359
2025-12-01,SOCC3DC7AC,90002014,1808
2025-12-01,SOCCE1C418,90002014,1762
2025-12-01,SOCC595ABB,90002014,1161
2025-12-01,SOCCB792C1,90002014,1580
2025-12-01,SOCC5F7FD6,90002014,738
2025-12-01,SOCC347728,90002014,670
2025-12-01,SOCCFD98D3,90002014,1332
2025-12-01,SOCC75A7DE,90002014,700
2025-12-01,SOCC5FB337,90002014,1058
2025-12-01,SOCCAFD990,90002014,502
2025-12-01,SOCC9B1B1E,90002014,563
2025-12-01,SOCCABBA46,90002014,1420
2025-12-01,SOCCEC0AEA,90002014,986
2025-12-01,SOCCF21535,90002014,548
2025-12-01,SOCC1E3E32,90002014,365
2025-12-01,SOCC71C831,90002014,1424
2025-12-01,SOCC7EB7BC,90002014,993
2025-12-01,SOCC17860D,90002014,225
2025-12-01,SOCC63FDD7,90002014,942
2025-12-01,SOCCFCA276,90002014,1108
2025-12-01,SOCCD3B001,90002014,820
2025-12-01,SOCC65813B,90002014,1021
2025-12-01,SOCC4A3199,90002014,1139
2025-12-01,SOCC424157,90002014,1675
2025-12-01,SOCC67945A,90002014,449
2025-12-01,SOCCAB35F3,90002014,1384
2025-12-01,SOCC489639,90002014,217
2025-12-01,HNDLA1722E,90002014,1912
2025-12-01,HNDL03C073,90002014,1695
2025-12-01,HNDL9B1B7D,90002014,406
2025-12-01,HNDLB5AAA4,90002014,1951
2025-12-01,HNDLCD10B6,90002014,1861
2025-12-01,HIKA1D299,90002014,410
2025-12-01,HIK8D130E,90002014,215
2025-12-01,HIK551B1C,90002014,164
2025-12-01,HIKC3460C,90002014,109
2025-12-01,HIKF7229D,90002014,184
2025-12-01,HIK070F0B,90002014,59
2025-12-01,HIKCAC6DD,90002014,43
2025-12-01,HIK77A350,90002014,180
2025-12-01,HIK1EDFAB,90002014,129
2025-12-01,HIK36B5E7,90002014,86
2025-12-01,HIK3D8B94,90002014,188
2025-12-01,HIKBE06F0,90002014,164
2025-12-01,HIKD4C3B1,90002014,117
2025-12-01,HIK477AAF,90002014,43
2025-12-01,HIK3DF988,90002014,94
2025-12-01,HIKD36FFD,90002014,211
2025-12-01,HIKFE5678,90002014,141
2025-12-01,HIKF1C8B8,90002014,145
2025-12-01,HIKC8C113,90002014,63
2025-12-01,HIK122A22,90002014,133
2025-12-01,HIKAD4D17,90002014,141
2025-12-01,HORSE77A541,90002014,133
2025-12-01,HORSE2EEE60,90002014,63
2025-12-01,HORSE3B12B0,90002014,59
2025-12-01,HORSEAE5456,90002014,55
2025-12-01,HORSEB0E845,90002014,223
2025-12-01,HORSE63358C,90002014,63
2025-12-01,HORSEEB0E93,90002014,109
2025-12-01,HORSEE8A02C,90002014,223
2025-12-01,HORSE32EC33,90002014,113
2025-12-01,HORSE2CAEAB,90002014,195
2025-12-01,RACKD4E78B,90002014,168
2025-12-01,RACK105320,90002014,211
2025-12-01,RACK66912E,90002014,86
2025-12-01,RACKFDE19F,90002014,47
2025-12-01,RACK435CCD,90002014,98
2025-12-01,RACK3489DB,90002014,74
2025-12-01,RACK82A423,90002014,47
2025-12-01,RACK5D92A1,90002014,70
2025-12-01,RACK69205F,90002014,51
2025-12-01,ROCKC708F5,90002014,211
2025-12-01,ROCKD798F6,90002014,55
2025-12-01,ROCKF69138,90002014,125
2025-12-01,ROCK9DEEFF,90002014,47
2025-12-01,ROCKED21EA,90002014,74
2025-12-01,ROCKCC3BF4,90002014,109
2025-12-01,ROCK0F8FA1,90002014,145
2025-12-01,ROCK3F43FF,90002014,211
2025-12-01,ROCK32D5D0,90002014,117
2025-12-01,RUN2FE4D5,90002014,66
2025-12-01,RUNCF8C32,90002014,43
2025-12-01,RUNC06D4D,90002014,149
2025-12-01,RUNE665CD,90002014,102
2025-12-01,RUN6AA3AE,90002014,102
2025-12-01,RUND54C0F,90002014,160
2025-12-01,RUNA56979,90002014,86
2025-12-01,RUND6A4A7,90002014,121
2025-12-01,RUND5648C,90002014,43
2025-12-01,RUND03BFE,90002014,203
2025-12-01,RUND9B589,90002014,240
2025-12-01,RUN6DCFAC,90002014,83
2025-12-01,RUN1AB696,90002014,88
2025-12-01,RUN4820EF,90002014,129
2025-12-01,RUN339949,90002014,263
2025-12-01,RUN10A073,90002014,88
2025-12-01,RUNB90BB2,90002014,162
2025-12-01,RUN785BD8,90002014,171
2025-12-01,RUN51B03C,90002014,231
2025-12-01,RUN1D0017,90002014,139
2025-12-01,RUN192A50,90002014,102
2025-12-01,RUN5C06BF,90002014,254
2025-12-01,RUNEBBF53,90002014,102
2025-12-01,RUN907813,90002014,259
2025-12-01,SKATCB097A,90002014,83
2025-12-01,SKAT407D01,90002014,180
2025-12-01,SKAT8BFE91,90002014,254
2025-12-01,SKAT47003B,90002014,157
2025-12-01,SKAT24B8F2,90002014,263
2025-12-01,SKAT8A94D3,90002014,231
2025-12-01,SKATC23D72,90002014,153
2025-12-01,SQUA4C7DCE,90002014,250
2025-12-01,SQUA99D795,90002014,268
2025-12-01,SQUA160B6F,90002014,116
2025-12-01,SQUAA3B44A,90002014,69
2025-12-01,SQUA84B377,90002014,262
2025-12-01,SQUA732DF1,90002014,72
2025-12-01,SQUA22F29D,90002014,59
2025-12-01,SQUA82575A,90002014,81
2025-12-01,SURF56D4BF,90002014,108
2025-12-01,SURF2EBCCA,90002014,99
2025-12-01,SURF8627B1,90002014,172
2025-12-01,SURF7A248A,90002014,72
2025-12-01,SURF60F2D1,90002014,226
2025-12-01,SURFE9DE14,90002014,262
2025-12-01,SURFEB883D,90002014,63
2025-12-01,SURFF237F1,90002014,194
2025-12-01,SURF69CACC,90002014,54
2025-12-01,SWIM8BE666,90002014,145
2025-12-01,SWIM0619EB,90002014,217
2025-12-01,SWIMCA28CC,90002014,131
2025-12-01,SWIM3B2B99,90002014,249
2025-12-01,SWIM4F5CDD,90002014,99
2025-12-01,SWIMB4058D,90002014,185
2025-12-01,SWIM139E14,90002014,54
2025-12-01,SWIME2E04A,90002014,185
2025-12-01,SWIMBAC8EE,90002014,72
2025-12-01,SWIM2785E8,90002014,68
2025-12-01,SWIM8D675F,90002014,99
2025-12-01,SWIM98EEF3,90002014,104
2025-12-01,SWIM9CB0C3,90002014,77
2025-12-01,SWIM3BD53D,90002014,190
2025-12-01,SWIM684A76,90002014,59
2025-12-01,SWIM1E7A6B,90002014,185
2025-12-01,TTEN18B609,90002014,235
2025-12-01,TTEND5F06B,90002014,68
2025-12-01,TTENB506A5,90002014,194
2025-12-01,TTEND35118,90002014,172
2025-12-01,TTEN2C5F16,90002014,185
2025-12-01,TTENE14F77,90002014,212
2025-12-01,TTEN658069,90002014,268
2025-12-01,TTEN204A0C,90002014,208
2025-12-01,TTEN99E28C,90002014,189
2025-12-01,TTENE352A9,90002014,74
2025-12-01,GAMES594E41,90002014,213
2025-12-01,GAMES78D8F4,90002014,226
2025-12-01,GAMES0B9C36,90002014,116
2025-12-01,GAMESA7F5F8,90002014,231
2025-12-01,GAMES55E6CB,90002014,55
2025-12-01,GAMES62C38E,90002014,217
2025-12-01,GAMES5EF6E3,90002014,240
2025-12-01,TENN1ADD96,90002014,217
2025-12-01,TENN32F2C2,90002014,139
2025-12-01,TENN11B50C,90002014,236
2025-12-01,TENN6E46CF,90002014,160
2025-12-01,TENN6AD4AC,90002014,197
2025-12-01,TENNDCCD5A,90002014,103
2025-12-01,TENN514228,90002014,173
2025-12-01,TENN0CFFE7,90002014,206
2025-12-01,TENN391CEF,90002014,49
2025-12-01,TENN151AB9,90002014,222
2025-12-01,TENN3F4E67,90002014,226
2025-12-01,TENNF49374,90002014,107
2025-12-01,TENN0B614F,90002014,103
2025-12-01,TENN4AEBA0,90002014,123
2025-12-01,TENN506041,90002014,70
2025-12-01,TENN6C0BC2,90002014,173
2025-12-01,VOLLF0E251,90002014,58
2025-12-01,VOLLA6AAB1,90002014,1828
2025-12-01,VOLLF5D4E6,90002014,1596
2025-12-01,VOLLEEC6A4,90002014,1609
2025-12-01,VOLL56AE91,90002014,1078
2025-12-01,VOLLDDFCD0,90002014,1111
2025-12-01,VOLL4B8018,90002014,543
2025-12-01,WLFT9CBF85,90002014,332
2025-12-01,WLFTB0B8BE,90002014,680
2025-12-01,WLFT5DC367,90002014,336
2025-12-01,WLFT1704AC,90002014,261
2025-12-01,WLFT053057,90002014,1791
2025-12-01,WLFT79618A,90002014,2027
2025-12-01,WLFTAE945F,90002014,1306
2025-12-01,WLFTB7DF2B,90002014,1223
2025-12-01,WLFT52B261,90002014,1004
2025-12-01,WLFT296A48,90002014,1692
2025-12-01,WLFT7AD84A,90002014,1763
2025-12-01,YOGA1B22A2,90002014,731
2025-12-01,YOGA6FA844,90002014,237
2025-12-01,YOGAA7E602,90002014,661
2025-12-01,YOGA46952D,90002014,1161
2025-12-01,YOGA80ED66,90002014,445
2025-12-01,YOGA465ABE,90002014,1141
2025-12-01,ARCHAFF0E4,90002015,600
2025-12-01,ARCH6B94F7,90002015,1760
2025-12-01,ARCH5D1FE7,90002015,1174
2025-12-01,ARCH7B49A9,90002015,1004
2025-12-01,ARCH497D34,90002015,1363
2025-12-01,ARCHE71D79,90002015,1163
2025-12-01,ARCHDD8749,90002015,1145
2025-12-01,BADMC045D4,90002015,1326
2025-12-01,BADM4BAB38,90002015,1884
2025-12-01,BADMDC6AB1,90002015,1898
2025-12-01,BADM50C510,90002015,1851
2025-12-01,BADM2459FB,90002015,338
2025-12-01,BADME151E6,90002015,1660
2025-12-01,BADMDA5EC8,90002015,880
2025-12-01,BADM48A260,90002015,2074
2025-12-01,BADM8FFE12,90002015,442
2025-12-01,BADM1B8332,90002015,1185
2025-12-01,BADM7E90FB,90002015,381
2025-12-01,BASK7F5383,90002015,2089
2025-12-01,BASKEE612D,90002015,523
2025-12-01,BASK4C69DF,90002015,1018
2025-12-01,BASK9E4294,90002015,1994
2025-12-01,BASKEE32E4,90002015,909
2025-12-01,BASKE57A19,90002015,723
2025-12-01,BASK728A58,90002015,961
2025-12-01,BASKED86BF,90002015,1251
2025-12-01,BASK32528E,90002015,1722
2025-12-01,BASK984F74,90002015,1694
2025-12-01,BOX8606F7,90002015,814
2025-12-01,BOXD26891,90002015,1537
2025-12-01,BOX17AD9F,90002015,1123
2025-12-01,BOXB9DCC6,90002015,362
2025-12-01,BOX3DC0E4,90002015,466
2025-12-01,BOX381514,90002015,471
2025-12-01,BOX386644,90002015,1147
2025-12-01,BOX3A9CA9,90002015,1432
2025-12-01,BOXB0228B,90002015,652
2025-12-01,CAMP7A5E65,90002015,821
2025-12-01,CAMP69AF0F,90002015,764
2025-12-01,CAMP10C410,90002015,1079
2025-12-01,CAMPECAADE,90002015,291
2025-12-01,CAMPF24336,90002015,1393
2025-12-01,CAMPE624C8,90002015,1454
2025-12-01,CAMP11E3FA,90002015,1965
2025-12-01,CAMPCB6B05,90002015,797
2025-12-01,CAMPDFA679,90002015,1426
2025-12-01,CAMP4005E6,90002015,1623
2025-12-01,CAMPD5615D,90002015,741
2025-12-01,HOCKA1EEE0,90002015,1871
2025-12-01,HOCK7723F0,90002015,994
2025-12-01,HOCK97BE68,90002015,643
2025-12-01,HOCK2716B4,90002015,1974
2025-12-01,HOCK05FECB,90002015,1082
2025-12-01,HOCK681856,90002015,908
2025-12-01,HOCKBBFD56,90002015,926
2025-12-01,HOCK57FB52,90002015,893
2025-12-01,HOCK294CD6,90002015,748
2025-12-01,HOCK892BAA,90002015,841
2025-12-01,HOCK2AE4DF,90002015,1671
2025-12-01,HOCKC0D928,90002015,763
2025-12-01,HOCK341BC8,90002015,1719
2025-12-01,HOCKB9EBFF,90002015,900
2025-12-01,HOCK5B2A0F,90002015,452
2025-12-01,HOCK2D3CF5,90002015,1752
2025-12-01,HOCKC6CF02,90002015,1241
2025-12-01,HOCKA7893F,90002015,1682
2025-12-01,HOCKA5001D,90002015,522
2025-12-01,HOCK94FE34,90002015,826
2025-12-01,HOCK35B3C7,90002015,1315
2025-12-01,HOCK462BA5,90002015,2115
2025-12-01,HOCKBDB8DA,90002015,775
2025-12-01,HOCK1BA87E,90002015,1923
2025-12-01,HOCK7633A6,90002015,1152
2025-12-01,HOCK8B52CE,90002015,2102
2025-12-01,HOCK538334,90002015,518
2025-12-01,HOCK385D92,90002015,1357
2025-12-01,HOCKF950D4,90002015,377
2025-12-01,HOCK16E55F,90002015,1512
2025-12-01,HOCK02DA3C,90002015,1649
2025-12-01,HOCK98DB22,90002015,861
2025-12-01,HOCKCE879E,90002015,1717
2025-12-01,HOCK372046,90002015,1499
2025-12-01,HOCKF6D4C2,90002015,1208
2025-12-01,HOCK7270D1,90002015,1293
2025-12-01,HOCK64B186,90002015,1049
2025-12-01,HOCK2841E6,90002015,2132
2025-12-01,HOCK2101AF,90002015,1636
2025-12-01,HOCKDB62E7,90002015,1871
2025-12-01,HOCKA7A3B4,90002015,283
2025-12-01,HOCKD69383,90002015,2090
2025-12-01,HOCK97883A,90002015,1567
2025-12-01,HOCK55A6B5,90002015,1092
2025-12-01,HOCK7A3D0A,90002015,2043
2025-12-01,HOCK76C189,90002015,1263
2025-12-01,HOCK8DF8D8,90002015,1302
2025-12-01,HOCK19DC2D,90002015,916
2025-12-01,HOCKAEA857,90002015,642
2025-12-01,HOCK55BF8F,90002015,1340
2025-12-01,HOCKA76614,90002015,878
2025-12-01,HOCK2D7B61,90002015,1601
2025-12-01,HOCKC6150F,90002015,848
2025-12-01,CYCLDE0772,90002015,1370
2025-12-01,CYCLBD7368,90002015,1931
2025-12-01,CYCL9F921D,90002015,2081
2025-12-01,CYCL8D32DD,90002015,1173
2025-12-01,CYCL903AF1,90002015,565
2025-12-01,CYCLB9F510,90002015,831
2025-12-01,CYCL3A3BA9,90002015,2047
2025-12-01,CYCL28EDD2,90002015,415
2025-12-01,CYCL8D92F6,90002015,1135
2025-12-01,CYCLA4B3CA,90002015,604
2025-12-01,FISHE20FE7,90002015,874
2025-12-01,FISH435E84,90002015,1276
2025-12-01,FISHF83738,90002015,1379
2025-12-01,FISHC4F1E3,90002015,921
2025-12-01,FISH9C6E1A,90002015,236
2025-12-01,FISH9DCA51,90002015,1819
2025-12-01,FISHA6E17F,90002015,293
2025-12-01,SOCCDA10C6,90002015,1644
2025-12-01,SOCC8B25BD,90002015,320
2025-12-01,SOCCBCD3A9,90002015,617
2025-12-01,SOCCC865F3,90002015,1481
2025-12-01,SOCC9DB3E4,90002015,913
2025-12-01,SOCCB533BF,90002015,1172
2025-12-01,SOCC80D996,90002015,1191
2025-12-01,SOCC0CD3DE,90002015,514
2025-12-01,SOCC528FB5,90002015,917
2025-12-01,SOCC86D9A9,90002015,1675
2025-12-01,SOCC0E544D,90002015,1226
2025-12-01,SOCCF63A17,90002015,1599
2025-12-01,SOCC93E2C6,90002015,1408
2025-12-01,SOCC2BAAAD,90002015,590
2025-12-01,SOCC9B3291,90002015,1621
2025-12-01,SOCC7DA9E9,90002015,944
2025-12-01,SOCC6681B1,90002015,894
2025-12-01,SOCC2271DD,90002015,449
2025-12-01,SOCC614FC7,90002015,1511
2025-12-01,SOCC41CE85,90002015,1717
2025-12-01,SOCCC136F5,90002015,1728
2025-12-01,SOCCBF1E0A,90002015,1374
2025-12-01,SOCCDD733E,90002015,738
2025-12-01,SOCCCC8143,90002015,1576
2025-12-01,SOCCE19E1A,90002015,1473
2025-12-01,SOCC3DC7AC,90002015,1857
2025-12-01,SOCCE1C418,90002015,1515
2025-12-01,SOCC595ABB,90002015,1758
2025-12-01,SOCCB792C1,90002015,1210
2025-12-01,SOCC5F7FD6,90002015,1739
2025-12-01,SOCC347728,90002015,1070
2025-12-01,SOCCFD98D3,90002015,940
2025-12-01,SOCC75A7DE,90002015,502
2025-12-01,SOCC5FB337,90002015,803
2025-12-01,SOCCAFD990,90002015,346
2025-12-01,SOCC9B1B1E,90002015,1557
2025-12-01,SOCCABBA46,90002015,1332
2025-12-01,SOCCEC0AEA,90002015,1165
2025-12-01,SOCCF21535,90002015,1165
2025-12-01,SOCC1E3E32,90002015,906
2025-12-01,SOCC71C831,90002015,1412
2025-12-01,SOCC7EB7BC,90002015,808
2025-12-01,SOCC17860D,90002015,1955
2025-12-01,SOCC63FDD7,90002015,1766
2025-12-01,SOCCFCA276,90002015,1399
2025-12-01,SOCCD3B001,90002015,1222
2025-12-01,SOCC65813B,90002015,1861
2025-12-01,SOCC4A3199,90002015,426
2025-12-01,SOCC424157,90002015,256
2025-12-01,SOCC67945A,90002015,1845
2025-12-01,SOCCAB35F3,90002015,323
2025-12-01,SOCC489639,90002015,1238
2025-12-01,HNDLA1722E,90002015,339
2025-12-01,HNDL03C073,90002015,1545
2025-12-01,HNDL9B1B7D,90002015,1506
2025-12-01,HNDLB5AAA4,90002015,1896
2025-12-01,HNDLCD10B6,90002015,615
2025-12-01,HIKA1D299,90002015,1411
2025-12-01,HIK8D130E,90002015,207
2025-12-01,HIK551B1C,90002015,137
2025-12-01,HIKC3460C,90002015,219
2025-12-01,HIKF7229D,90002015,172
2025-12-01,HIK070F0B,90002015,63
2025-12-01,HIKCAC6DD,90002015,164
2025-12-01,HIK77A350,90002015,141
2025-12-01,HIK1EDFAB,90002015,164
2025-12-01,HIK36B5E7,90002015,125
2025-12-01,HIK3D8B94,90002015,191
2025-12-01,HIKBE06F0,90002015,188
2025-12-01,HIKD4C3B1,90002015,195
2025-12-01,HIK477AAF,90002015,152
2025-12-01,HIK3DF988,90002015,121
2025-12-01,HIKD36FFD,90002015,191
2025-12-01,HIKFE5678,90002015,78
2025-12-01,HIKF1C8B8,90002015,106
2025-12-01,HIKC8C113,90002015,113
2025-12-01,HIK122A22,90002015,106
2025-12-01,HIKAD4D17,90002015,207
2025-12-01,HORSE77A541,90002015,98
2025-12-01,HORSE2EEE60,90002015,117
2025-12-01,HORSE3B12B0,90002015,160
2025-12-01,HORSEAE5456,90002015,219
2025-12-01,HORSEB0E845,90002015,109
2025-12-01,HORSE63358C,90002015,78
2025-12-01,HORSEEB0E93,90002015,211
2025-12-01,HORSEE8A02C,90002015,227
2025-12-01,HORSE32EC33,90002015,211
2025-12-01,HORSE2CAEAB,90002015,172
2025-12-01,RACKD4E78B,90002015,172
2025-12-01,RACK105320,90002015,188
2025-12-01,RACK66912E,90002015,184
2025-12-01,RACKFDE19F,90002015,129
2025-12-01,RACK435CCD,90002015,231
2025-12-01,RACK3489DB,90002015,74
2025-12-01,RACK82A423,90002015,227
2025-12-01,RACK5D92A1,90002015,59
2025-12-01,RACK69205F,90002015,219
2025-12-01,ROCKC708F5,90002015,227
2025-12-01,ROCKD798F6,90002015,94
2025-12-01,ROCKF69138,90002015,51
2025-12-01,ROCK9DEEFF,90002015,90
2025-12-01,ROCKED21EA,90002015,55
2025-12-01,ROCKCC3BF4,90002015,180
2025-12-01,ROCK0F8FA1,90002015,74
2025-12-01,ROCK3F43FF,90002015,63
2025-12-01,ROCK32D5D0,90002015,219
2025-12-01,RUN2FE4D5,90002015,113
2025-12-01,RUNCF8C32,90002015,109
2025-12-01,RUNC06D4D,90002015,94
2025-12-01,RUNE665CD,90002015,59
2025-12-01,RUN6AA3AE,90002015,98
2025-12-01,RUND54C0F,90002015,51
2025-12-01,RUNA56979,90002015,98
2025-12-01,RUND6A4A7,90002015,223
2025-12-01,RUND5648C,90002015,74
2025-12-01,RUND03BFE,90002015,134
2025-12-01,RUND9B589,90002015,153
2025-12-01,RUN6DCFAC,90002015,51
2025-12-01,RUN1AB696,90002015,277
2025-12-01,RUN4820EF,90002015,55
2025-12-01,RUN339949,90002015,231
2025-12-01,RUN10A073,90002015,273
2025-12-01,RUNB90BB2,90002015,129
2025-12-01,RUN785BD8,90002015,194
2025-12-01,RUN51B03C,90002015,139
2025-12-01,RUN1D0017,90002015,129
2025-12-01,RUN192A50,90002015,254
2025-12-01,RUN5C06BF,90002015,189
2025-12-01,RUNEBBF53,90002015,189
2025-12-01,RUN907813,90002015,111
2025-12-01,SKATCB097A,90002015,176
2025-12-01,SKAT407D01,90002015,83
2025-12-01,SKAT8BFE91,90002015,199
2025-12-01,SKAT47003B,90002015,157
2025-12-01,SKAT24B8F2,90002015,143
2025-12-01,SKAT8A94D3,90002015,153
2025-12-01,SKATC23D72,90002015,162
2025-12-01,SQUA4C7DCE,90002015,194
2025-12-01,SQUA99D795,90002015,102
2025-12-01,SQUA160B6F,90002015,263
2025-12-01,SQUAA3B44A,90002015,226
2025-12-01,SQUA84B377,90002015,86
2025-12-01,SQUA732DF1,90002015,149
2025-12-01,SQUA22F29D,90002015,231
2025-12-01,SQUA82575A,90002015,72
2025-12-01,SURF56D4BF,90002015,68
2025-12-01,SURF2EBCCA,90002015,140
2025-12-01,SURF8627B1,90002015,59
2025-12-01,SURF7A248A,90002015,167
2025-12-01,SURF60F2D1,90002015,235
2025-12-01,SURFE9DE14,90002015,158
2025-12-01,SURFEB883D,90002015,212
2025-12-01,SURFF237F1,90002015,127
2025-12-01,SURF69CACC,90002015,127
2025-12-01,SWIM8BE666,90002015,240
2025-12-01,SWIM0619EB,90002015,158
2025-12-01,SWIMCA28CC,90002015,90
2025-12-01,SWIM3B2B99,90002015,194
2025-12-01,SWIM4F5CDD,90002015,63
2025-12-01,SWIMB4058D,90002015,163
2025-12-01,SWIM139E14,90002015,127
2025-12-01,SWIME2E04A,90002015,249
2025-12-01,SWIMBAC8EE,90002015,240
2025-12-01,SWIM2785E8,90002015,176
2025-12-01,SWIM8D675F,90002015,267
2025-12-01,SWIM98EEF3,90002015,54
2025-12-01,SWIM9CB0C3,90002015,226
2025-12-01,SWIM3BD53D,90002015,122
2025-12-01,SWIM684A76,90002015,181
2025-12-01,SWIM1E7A6B,90002015,226
2025-12-01,TTEN18B609,90002015,108
2025-12-01,TTEND5F06B,90002015,235
2025-12-01,TTENB506A5,90002015,262
2025-12-01,TTEND35118,90002015,181
2025-12-01,TTEN2C5F16,90002015,244
2025-12-01,TTENE14F77,90002015,185
2025-12-01,TTEN658069,90002015,125
2025-12-01,TTEN204A0C,90002015,199
2025-12-01,TTEN99E28C,90002015,153
2025-12-01,TTENE352A9,90002015,166
2025-12-01,GAMES594E41,90002015,268
2025-12-01,GAMES78D8F4,90002015,189
2025-12-01,GAMES0B9C36,90002015,97
2025-12-01,GAMESA7F5F8,90002015,46
2025-12-01,GAMES55E6CB,90002015,55
2025-12-01,GAMES62C38E,90002015,250
2025-12-01,GAMES5EF6E3,90002015,268
2025-12-01,TENN1ADD96,90002015,254
2025-12-01,TENN32F2C2,90002015,199
2025-12-01,TENN11B50C,90002015,92
2025-12-01,TENN6E46CF,90002015,210
2025-12-01,TENN6AD4AC,90002015,206
2025-12-01,TENNDCCD5A,90002015,177
2025-12-01,TENN514228,90002015,99
2025-12-01,TENN0CFFE7,90002015,243
2025-12-01,TENN391CEF,90002015,181
2025-12-01,TENN151AB9,90002015,177
2025-12-01,TENN3F4E67,90002015,193
2025-12-01,TENNF49374,90002015,193
2025-12-01,TENN0B614F,90002015,78
2025-12-01,TENN4AEBA0,90002015,238
2025-12-01,TENN506041,90002015,115
2025-12-01,TENN6C0BC2,90002015,210
2025-12-01,VOLLF0E251,90002015,115
2025-12-01,VOLLA6AAB1,90002015,1177
2025-12-01,VOLLF5D4E6,90002015,518
2025-12-01,VOLLEEC6A4,90002015,274
2025-12-01,VOLL56AE91,90002015,572
2025-12-01,VOLLDDFCD0,90002015,1186
2025-12-01,VOLL4B8018,90002015,605
2025-12-01,WLFT9CBF85,90002015,1281
2025-12-01,WLFTB0B8BE,90002015,1090
2025-12-01,WLFT5DC367,90002015,717
2025-12-01,WLFT1704AC,90002015,1650
2025-12-01,WLFT053057,90002015,1422
2025-12-01,WLFT79618A,90002015,1903
2025-12-01,WLFTAE945F,90002015,1024
2025-12-01,WLFTB7DF2B,90002015,1938
2025-12-01,WLFT52B261,90002015,340
2025-12-01,WLFT296A48,90002015,524
2025-12-01,WLFT7AD84A,90002015,1083
2025-12-01,YOGA1B22A2,90002015,913
2025-12-01,YOGA6FA844,90002015,777
2025-12-01,YOGAA7E602,90002015,1288
2025-12-01,YOGA46952D,90002015,630
2025-12-01,YOGA80ED66,90002015,413
2025-12-01,YOGA465ABE,90002015,485
2025-12-01,ARCHAFF0E4,90002016,526
2025-12-01,ARCH6B94F7,90002016,1522
2025-12-01,ARCH5D1FE7,90002016,270
2025-12-01,ARCH7B49A9,90002016,1052
2025-12-01,ARCH497D34,90002016,1804
2025-12-01,ARCHE71D79,90002016,1437
2025-12-01,ARCHDD8749,90002016,919
2025-12-01,BADMC045D4,90002016,615
2025-12-01,BADM4BAB38,90002016,1584
2025-12-01,BADMDC6AB1,90002016,2032
2025-12-01,BADM50C510,90002016,1327
2025-12-01,BADM2459FB,90002016,343
2025-12-01,BADME151E6,90002016,238
2025-12-01,BADMDA5EC8,90002016,2098
2025-12-01,BADM48A260,90002016,1875
2025-12-01,BADM8FFE12,90002016,2079
2025-12-01,BADM1B8332,90002016,1822
2025-12-01,BADM7E90FB,90002016,652
2025-12-01,BASK7F5383,90002016,2017
2025-12-01,BASKEE612D,90002016,2155
2025-12-01,BASK4C69DF,90002016,1646
2025-12-01,BASK9E4294,90002016,333
2025-12-01,BASKEE32E4,90002016,1951
2025-12-01,BASKE57A19,90002016,1494
2025-12-01,BASK728A58,90002016,1475
2025-12-01,BASKED86BF,90002016,1494
2025-12-01,BASK32528E,90002016,1856
2025-12-01,BASK984F74,90002016,1542
2025-12-01,BOX8606F7,90002016,1442
2025-12-01,BOXD26891,90002016,2236
2025-12-01,BOX17AD9F,90002016,1437
2025-12-01,BOXB9DCC6,90002016,1004
2025-12-01,BOX3DC0E4,90002016,2217
2025-12-01,BOX381514,90002016,1932
2025-12-01,BOX386644,90002016,657
2025-12-01,BOX3A9CA9,90002016,1385
2025-12-01,BOXB0228B,90002016,1066
2025-12-01,CAMP7A5E65,90002016,1731
2025-12-01,CAMP69AF0F,90002016,530
2025-12-01,CAMP10C410,90002016,830
2025-12-01,CAMPECAADE,90002016,2035
2025-12-01,CAMPF24336,90002016,732
2025-12-01,CAMPE624C8,90002016,1679
2025-12-01,CAMP11E3FA,90002016,385
2025-12-01,CAMPCB6B05,90002016,1205
2025-12-01,CAMPDFA679,90002016,1721
2025-12-01,CAMP4005E6,90002016,253
2025-12-01,CAMPD5615D,90002016,774
2025-12-01,HOCKA1EEE0,90002016,249
2025-12-01,HOCK7723F0,90002016,666
2025-12-01,HOCK97BE68,90002016,544
2025-12-01,HOCK2716B4,90002016,2265
2025-12-01,HOCK05FECB,90002016,1841
2025-12-01,HOCK681856,90002016,485
2025-12-01,HOCKBBFD56,90002016,1437
2025-12-01,HOCK57FB52,90002016,1630
2025-12-01,HOCK294CD6,90002016,1041
2025-12-01,HOCK892BAA,90002016,996
2025-12-01,HOCK2AE4DF,90002016,1711
2025-12-01,HOCKC0D928,90002016,441
2025-12-01,HOCK341BC8,90002016,485
2025-12-01,HOCKB9EBFF,90002016,348
2025-12-01,HOCK5B2A0F,90002016,1185
2025-12-01,HOCK2D3CF5,90002016,1482
2025-12-01,HOCKC6CF02,90002016,1760
2025-12-01,HOCKA7893F,90002016,482
2025-12-01,HOCKA5001D,90002016,1752
2025-12-01,HOCK94FE34,90002016,1767
2025-12-01,HOCK35B3C7,90002016,651
2025-12-01,HOCK462BA5,90002016,1392
2025-12-01,HOCKBDB8DA,90002016,1542
2025-12-01,HOCK1BA87E,90002016,1833
2025-12-01,HOCK7633A6,90002016,2098
2025-12-01,HOCK8B52CE,90002016,1542
2025-12-01,HOCK538334,90002016,818
2025-12-01,HOCK385D92,90002016,467
2025-12-01,HOCKF950D4,90002016,531
2025-12-01,HOCK16E55F,90002016,1246
2025-12-01,HOCK02DA3C,90002016,1593
2025-12-01,HOCK98DB22,90002016,724
2025-12-01,HOCKCE879E,90002016,1734
2025-12-01,HOCK372046,90002016,227
2025-12-01,HOCKF6D4C2,90002016,745
2025-12-01,HOCK7270D1,90002016,1679
2025-12-01,HOCK64B186,90002016,1392
2025-12-01,HOCK2841E6,90002016,338
2025-12-01,HOCK2101AF,90002016,355
2025-12-01,HOCKDB62E7,90002016,1704
2025-12-01,HOCKA7A3B4,90002016,492
2025-12-01,HOCKD69383,90002016,334
2025-12-01,HOCK97883A,90002016,1807
2025-12-01,HOCK55A6B5,90002016,1456
2025-12-01,HOCK7A3D0A,90002016,1790
2025-12-01,HOCK76C189,90002016,792
2025-12-01,HOCK8DF8D8,90002016,1092
2025-12-01,HOCK19DC2D,90002016,2068
2025-12-01,HOCKAEA857,90002016,377
2025-12-01,HOCK55BF8F,90002016,1546
2025-12-01,HOCKA76614,90002016,1315
2025-12-01,HOCK2D7B61,90002016,291
2025-12-01,HOCKC6150F,90002016,732
2025-12-01,CYCLDE0772,90002016,1546
2025-12-01,CYCLBD7368,90002016,1225
2025-12-01,CYCL9F921D,90002016,1550
2025-12-01,CYCL8D32DD,90002016,2043
2025-12-01,CYCL903AF1,90002016,1743
2025-12-01,CYCLB9F510,90002016,420
2025-12-01,CYCL3A3BA9,90002016,1670
2025-12-01,CYCL28EDD2,90002016,2064
2025-12-01,CYCL8D92F6,90002016,989
2025-12-01,CYCLA4B3CA,90002016,1978
2025-12-01,FISHE20FE7,90002016,1995
2025-12-01,FISH435E84,90002016,1837
2025-12-01,FISHF83738,90002016,462
2025-12-01,FISHC4F1E3,90002016,1294
2025-12-01,FISH9C6E1A,90002016,1366
2025-12-01,FISH9DCA51,90002016,1812
2025-12-01,FISHA6E17F,90002016,1138
2025-12-01,SOCCDA10C6,90002016,704
2025-12-01,SOCC8B25BD,90002016,853
2025-12-01,SOCCBCD3A9,90002016,792
2025-12-01,SOCCC865F3,90002016,1865
2025-12-01,SOCC9DB3E4,90002016,788
2025-12-01,SOCCB533BF,90002016,826
2025-12-01,SOCC80D996,90002016,997
2025-12-01,SOCC0CD3DE,90002016,1054
2025-12-01,SOCC528FB5,90002016,929
2025-12-01,SOCC86D9A9,90002016,1652
2025-12-01,SOCC0E544D,90002016,293
2025-12-01,SOCCF63A17,90002016,963
2025-12-01,SOCC93E2C6,90002016,1496
2025-12-01,SOCC2BAAAD,90002016,887
2025-12-01,SOCC9B3291,90002016,502
2025-12-01,SOCC7DA9E9,90002016,1214
2025-12-01,SOCC6681B1,90002016,537
2025-12-01,SOCC2271DD,90002016,952
2025-12-01,SOCC614FC7,90002016,1104
2025-12-01,SOCC41CE85,90002016,735
2025-12-01,SOCCC136F5,90002016,1328
2025-12-01,SOCCBF1E0A,90002016,1774
2025-12-01,SOCCDD733E,90002016,632
2025-12-01,SOCCCC8143,90002016,1374
2025-12-01,SOCCE19E1A,90002016,206
2025-12-01,SOCC3DC7AC,90002016,639
2025-12-01,SOCCE1C418,90002016,1218
2025-12-01,SOCC595ABB,90002016,384
2025-12-01,SOCCB792C1,90002016,1207
2025-12-01,SOCC5F7FD6,90002016,1184
2025-12-01,SOCC347728,90002016,240
2025-12-01,SOCCFD98D3,90002016,879
2025-12-01,SOCC75A7DE,90002016,1781
2025-12-01,SOCC5FB337,90002016,609
2025-12-01,SOCCAFD990,90002016,1420
2025-12-01,SOCC9B1B1E,90002016,1797
2025-12-01,SOCCABBA46,90002016,1488
2025-12-01,SOCCEC0AEA,90002016,563
2025-12-01,SOCCF21535,90002016,1081
2025-12-01,SOCC1E3E32,90002016,1557
2025-12-01,SOCC71C831,90002016,1420
2025-12-01,SOCC7EB7BC,90002016,1604
2025-12-01,SOCC17860D,90002016,327
2025-12-01,SOCC63FDD7,90002016,784
2025-12-01,SOCCFCA276,90002016,1924
2025-12-01,SOCCD3B001,90002016,284
2025-12-01,SOCC65813B,90002016,666
2025-12-01,SOCC4A3199,90002016,1884
2025-12-01,SOCC424157,90002016,1762
2025-12-01,SOCC67945A,90002016,781
2025-12-01,SOCCAB35F3,90002016,402
2025-12-01,SOCC489639,90002016,307
2025-12-01,HNDLA1722E,90002016,296
2025-12-01,HNDL03C073,90002016,1861
2025-12-01,HNDL9B1B7D,90002016,1589
2025-12-01,HNDLB5AAA4,90002016,1671
2025-12-01,HNDLCD10B6,90002016,197
2025-12-01,HIKA1D299,90002016,1392
2025-12-01,HIK8D130E,90002016,43
2025-12-01,HIK551B1C,90002016,133
2025-12-01,HIKC3460C,90002016,66
2025-12-01,HIKF7229D,90002016,234
2025-12-01,HIK070F0B,90002016,133
2025-12-01,HIKCAC6DD,90002016,113
2025-12-01,HIK77A350,90002016,164
2025-12-01,HIK1EDFAB,90002016,90
2025-12-01,HIK36B5E7,90002016,66
2025-12-01,HIK3D8B94,90002016,43
2025-12-01,HIKBE06F0,90002016,207
2025-12-01,HIKD4C3B1,90002016,207
2025-12-01,HIK477AAF,90002016,47
2025-12-01,HIK3DF988,90002016,102
2025-12-01,HIKD36FFD,90002016,184
2025-12-01,HIKFE5678,90002016,74
2025-12-01,HIKF1C8B8,90002016,176
2025-12-01,HIKC8C113,90002016,160
2025-12-01,HIK122A22,90002016,219
2025-12-01,HIKAD4D17,90002016,113
2025-12-01,HORSE77A541,90002016,106
2025-12-01,HORSE2EEE60,90002016,164
2025-12-01,HORSE3B12B0,90002016,47
2025-12-01,HORSEAE5456,90002016,149
2025-12-01,HORSEB0E845,90002016,145
2025-12-01,HORSE63358C,90002016,184
2025-12-01,HORSEEB0E93,90002016,234
2025-12-01,HORSEE8A02C,90002016,191
2025-12-01,HORSE32EC33,90002016,74
2025-12-01,HORSE2CAEAB,90002016,117
2025-12-01,RACKD4E78B,90002016,102
2025-12-01,RACK105320,90002016,109
2025-12-01,RACK66912E,90002016,207
2025-12-01,RACKFDE19F,90002016,59
2025-12-01,RACK435CCD,90002016,74
2025-12-01,RACK3489DB,90002016,223
2025-12-01,RACK82A423,90002016,47
2025-12-01,RACK5D92A1,90002016,184
2025-12-01,RACK69205F,90002016,51
2025-12-01,ROCKC708F5,90002016,133
2025-12-01,ROCKD798F6,90002016,219
2025-12-01,ROCKF69138,90002016,55
2025-12-01,ROCK9DEEFF,90002016,121
2025-12-01,ROCKED21EA,90002016,109
2025-12-01,ROCKCC3BF4,90002016,211
2025-12-01,ROCK0F8FA1,90002016,215
2025-12-01,ROCK3F43FF,90002016,86
2025-12-01,ROCK32D5D0,90002016,149
2025-12-01,RUN2FE4D5,90002016,74
2025-12-01,RUNCF8C32,90002016,51
2025-12-01,RUNC06D4D,90002016,231
2025-12-01,RUNE665CD,90002016,188
2025-12-01,RUN6AA3AE,90002016,63
2025-12-01,RUND54C0F,90002016,137
2025-12-01,RUNA56979,90002016,195
2025-12-01,RUND6A4A7,90002016,152
2025-12-01,RUND5648C,90002016,117
2025-12-01,RUND03BFE,90002016,166
2025-12-01,RUND9B589,90002016,148
2025-12-01,RUN6DCFAC,90002016,245
2025-12-01,RUN1AB696,90002016,139
2025-12-01,RUN4820EF,90002016,120
2025-12-01,RUN339949,90002016,194
2025-12-01,RUN10A073,90002016,203
2025-12-01,RUNB90BB2,90002016,231
2025-12-01,RUN785BD8,90002016,106
2025-12-01,RUN51B03C,90002016,268
2025-12-01,RUN1D0017,90002016,65
2025-12-01,RUN192A50,90002016,55
2025-12-01,RUN5C06BF,90002016,171
2025-12-01,RUNEBBF53,90002016,65
2025-12-01,RUN907813,90002016,88
2025-12-01,SKATCB097A,90002016,273
2025-12-01,SKAT407D01,90002016,240
2025-12-01,SKAT8BFE91,90002016,157
2025-12-01,SKAT47003B,90002016,259
2025-12-01,SKAT24B8F2,90002016,65
2025-12-01,SKAT8A94D3,90002016,231
2025-12-01,SKATC23D72,90002016,88
2025-12-01,SQUA4C7DCE,90002016,185
2025-12-01,SQUA99D795,90002016,277
2025-12-01,SQUA160B6F,90002016,106
2025-12-01,SQUAA3B44A,90002016,139
2025-12-01,SQUA84B377,90002016,72
2025-12-01,SQUA732DF1,90002016,181
2025-12-01,SQUA22F29D,90002016,199
2025-12-01,SQUA82575A,90002016,72
2025-12-01,SURF56D4BF,90002016,140
2025-12-01,SURF2EBCCA,90002016,118
2025-12-01,SURF8627B1,90002016,176
2025-12-01,SURF7A248A,90002016,108
2025-12-01,SURF60F2D1,90002016,172
2025-12-01,SURFE9DE14,90002016,145
2025-12-01,SURFEB883D,90002016,253
2025-12-01,SURFF237F1,90002016,81
2025-12-01,SURF69CACC,90002016,208
2025-12-01,SWIM8BE666,90002016,63
2025-12-01,SWIM0619EB,90002016,145
2025-12-01,SWIMCA28CC,90002016,208
2025-12-01,SWIM3B2B99,90002016,199
2025-12-01,SWIM4F5CDD,90002016,127
2025-12-01,SWIMB4058D,90002016,167
2025-12-01,SWIM139E14,90002016,181
2025-12-01,SWIME2E04A,90002016,226
2025-12-01,SWIMBAC8EE,90002016,235
2025-12-01,SWIM2785E8,90002016,240
2025-12-01,SWIM8D675F,90002016,176
2025-12-01,SWIM98EEF3,90002016,235
2025-12-01,SWIM9CB0C3,90002016,203
2025-12-01,SWIM3BD53D,90002016,253
2025-12-01,SWIM684A76,90002016,176
2025-12-01,SWIM1E7A6B,90002016,104
2025-12-01,TTEN18B609,90002016,77
2025-12-01,TTEND5F06B,90002016,199
2025-12-01,TTENB506A5,90002016,217
2025-12-01,TTEND35118,90002016,226
2025-12-01,TTEN2C5F16,90002016,149
2025-12-01,TTENE14F77,90002016,235
2025-12-01,TTEN658069,90002016,51
2025-12-01,TTEN204A0C,90002016,236
2025-12-01,TTEN99E28C,90002016,79
2025-12-01,TTENE352A9,90002016,92
2025-12-01,GAMES594E41,90002016,148
2025-12-01,GAMES78D8F4,90002016,273
2025-12-01,GAMES0B9C36,90002016,180
2025-12-01,GAMESA7F5F8,90002016,102
2025-12-01,GAMES55E6CB,90002016,46
2025-12-01,GAMES62C38E,90002016,166
2025-12-01,GAMES5EF6E3,90002016,129
2025-12-01,TENN1ADD96,90002016,166
2025-12-01,TENN32F2C2,90002016,65
2025-12-01,TENN11B50C,90002016,245
2025-12-01,TENN6E46CF,90002016,148
2025-12-01,TENN6AD4AC,90002016,181
2025-12-01,TENNDCCD5A,90002016,99
2025-12-01,TENN514228,90002016,156
2025-12-01,TENN0CFFE7,90002016,49
2025-12-01,TENN391CEF,90002016,243
2025-12-01,TENN151AB9,90002016,164
2025-12-01,TENN3F4E67,90002016,238
2025-12-01,TENNF49374,90002016,206
2025-12-01,TENN0B614F,90002016,115
2025-12-01,TENN4AEBA0,90002016,123
2025-12-01,TENN506041,90002016,127
2025-12-01,TENN6C0BC2,90002016,53
2025-12-01,VOLLF0E251,90002016,70
2025-12-01,VOLLA6AAB1,90002016,522
2025-12-01,VOLLF5D4E6,90002016,622
2025-12-01,VOLLEEC6A4,90002016,771
2025-12-01,VOLL56AE91,90002016,721
2025-12-01,VOLLDDFCD0,90002016,1049
2025-12-01,VOLL4B8018,90002016,1393
2025-12-01,WLFT9CBF85,90002016,514
2025-12-01,WLFTB0B8BE,90002016,1327
2025-12-01,WLFT5DC367,90002016,1430
2025-12-01,WLFT1704AC,90002016,1816
2025-12-01,WLFT053057,90002016,775
2025-12-01,WLFT79618A,90002016,1936
2025-12-01,WLFTAE945F,90002016,444
2025-12-01,WLFTB7DF2B,90002016,414
2025-12-01,WLFT52B261,90002016,649
2025-12-01,WLFT296A48,90002016,852
2025-12-01,WLFT7AD84A,90002016,1286
2025-12-01,YOGA1B22A2,90002016,699
2025-12-01,YOGA6FA844,90002016,179
2025-12-01,YOGAA7E602,90002016,474
2025-12-01,YOGA46952D,90002016,763
2025-12-01,YOGA80ED66,90002016,1410
2025-12-01,YOGA465ABE,90002016,1387
